salary,tenureMonths,engagementScore,performanceScore,absenteeismDays,overtimeHours,lastPromotionMonths,trainingHours,attrition
73034.39,24,2.98,4.42,3,3.1,16,38.1,0
56652.66,23,4.32,3.66,5,5.3,4,29.1,0
77580.81,48,2.92,3.35,6,1.3,12,47.3,0
110107.45,12,3.77,3.39,6,5.7,12,54.9,0
54520.86,19,3.54,3.74,3,8.6,19,27.1,1
54521.22,29,3.05,3.48,6,1.6,11,23.9,0
112609.92,74,1.87,4.3,5,1.1,4,25.5,1
81387.25,48,2.14,3.84,4,10.7,24,33.7,1
49623.03,33,2.13,2.83,2,0.0,14,42.7,0
74386.07,22,3.59,2.7,5,1.5,10,82.5,0
49743.39,91,3.74,4.19,5,2.6,22,19.1,0
49697.41,30,2.5,2.69,5,5.6,15,15.2,0
65958.76,19,3.14,3.26,3,29.2,17,14.9,1
27852.78,100,3.21,3.19,6,2.3,38,30.8,0
30032.42,13,3.26,2.63,5,14.9,10,30.1,1
47814.54,64,2.59,3.72,5,2.3,14,26.1,0
39929.38,32,4.51,3.41,6,5.9,32,62.7,0
67893.73,48,3.74,3.05,5,0.9,27,62.0,0
41638.91,43,3.26,4.96,6,3.1,30,51.9,0
34032.75,48,2.78,1.8,2,10.3,32,27.0,0
107608.99,105,2.53,2.9,12,1.9,9,38.8,0
54703.86,96,3.52,3.1,7,0.6,16,47.9,0
61513.46,20,2.82,2.55,4,3.7,7,83.6,0
33863.76,42,3.31,5.0,5,2.9,31,31.6,0
48158.21,8,1.68,5.0,7,1.3,8,34.8,0
62590.52,51,2.78,3.02,1,11.8,20,22.1,0
37782.55,57,3.11,4.39,5,4.6,25,64.5,1
69583.25,6,3.97,3.92,6,2.1,1,64.7,0
47086.64,31,2.46,4.66,5,27.8,19,34.2,1
53280.33,48,2.01,3.42,2,0.7,43,14.7,0
47066.53,39,3.56,3.8,5,9.4,34,24.6,0
125606.75,13,3.15,4.48,2,1.3,13,77.3,0
59551.76,14,1.82,4.37,4,1.4,14,17.7,0
39218.96,29,1.86,3.61,5,3.4,12,39.3,0
83201.28,24,2.68,2.84,6,5.4,11,44.9,0
36741.51,25,3.13,2.97,3,5.9,21,14.3,0
65091.25,12,4.31,2.21,6,0.1,8,17.5,0
27340.71,32,2.34,4.05,6,1.7,6,36.0,1
35197.33,74,3.63,3.65,3,5.4,51,39.8,0
64779.5,14,1.63,3.7,4,11.0,14,24.3,0
80449.64,27,3.49,3.48,4,5.5,21,34.3,0
64122.29,45,4.41,2.7,7,1.5,13,56.4,0
57167.49,10,3.31,3.72,4,3.5,10,83.4,0
53080.16,32,2.67,3.92,7,5.2,16,7.7,0
33143.15,56,4.19,2.89,5,0.7,21,62.6,0
44894.13,16,3.48,3.48,2,3.9,15,17.5,0
49798.72,34,3.32,3.05,6,3.2,5,35.1,0
91386.12,54,2.39,3.35,5,2.1,16,50.5,1
68696.07,102,3.49,2.71,3,4.9,2,8.8,0
29577.94,33,2.65,3.31,2,5.1,30,20.9,0
68161.39,19,3.45,4.64,8,17.8,19,44.2,1
51326.74,7,3.24,3.15,1,2.8,7,26.7,0
45671.57,20,4.07,3.02,5,3.8,6,27.9,0
76471.28,11,2.74,3.07,4,0.9,11,15.2,1
90436.19,78,3.08,3.37,6,4.0,11,16.7,0
86899.89,52,3.84,4.75,3,0.2,24,18.6,0
42800.84,14,3.01,4.48,5,0.8,14,53.0,0
52908.28,19,3.18,3.4,3,0.9,19,29.9,0
68357.42,33,2.87,3.05,7,5.0,23,12.4,1
88452.24,56,3.07,2.27,5,4.2,12,46.6,1
49430.86,42,3.74,2.86,7,8.0,14,54.0,0
55588.77,40,4.67,2.12,6,3.1,40,8.0,0
38463.54,36,1.86,4.02,8,3.2,34,59.6,0
37105.38,15,2.19,4.43,6,0.9,15,14.3,1
82868.5,33,3.09,3.24,4,6.8,14,53.4,0
103001.21,31,3.24,3.77,4,0.0,31,45.3,0
58174.13,11,3.03,2.74,2,2.8,11,24.1,0
89448.04,77,2.76,2.14,2,1.0,1,7.6,0
69192.96,21,2.21,3.54,5,7.4,15,42.4,1
46256.26,11,2.71,3.77,2,5.6,7,31.1,0
69186.31,24,3.85,4.69,1,6.1,4,51.5,0
110770.37,27,3.27,4.94,4,0.8,14,33.9,0
59022.24,30,3.74,3.31,6,5.5,20,30.4,0
111955.58,26,2.24,4.14,6,5.9,19,39.3,0
20996.31,31,4.36,3.72,9,0.0,31,32.3,0
83179.9,35,2.75,3.5,3,1.9,35,62.2,1
61995.61,33,3.58,3.47,9,0.5,30,27.6,0
53124.69,40,3.1,3.4,6,5.7,40,53.8,1
62112.61,41,2.77,3.43,11,1.2,25,43.1,0
27037.29,42,3.55,4.66,5,1.5,32,36.3,1
54837.59,48,3.68,3.65,2,0.4,18,9.4,0
69067.88,20,5.0,4.72,7,3.3,8,29.6,0
108137.37,20,3.71,2.87,2,0.2,20,13.5,0
48663.86,56,3.7,1.52,2,9.3,5,22.6,0
43330.09,24,4.12,3.18,5,0.1,24,21.6,0
48986.36,29,3.63,2.91,7,0.3,8,54.6,1
86349.72,28,3.17,2.45,4,5.1,22,32.7,0
68288.76,100,3.46,4.41,6,12.4,43,57.8,0
48440.71,18,3.88,2.56,6,11.1,2,12.9,0
73519.57,17,4.31,3.91,2,0.4,13,28.3,0
62244.85,31,1.99,4.91,10,1.7,14,92.3,0
88208.45,28,1.69,2.7,4,3.7,28,37.5,1
45214.76,14,4.28,3.34,4,0.1,14,20.2,0
52519.25,30,2.56,4.45,4,3.8,13,16.1,1
51182.69,32,1.87,3.21,3,3.0,32,47.4,1
33342.7,23,1.8,3.73,3,4.4,18,29.7,1
67403.22,29,4.64,3.95,7,12.6,9,54.4,0
66464.42,19,3.9,3.62,7,1.6,5,10.7,0
59996.73,14,2.56,3.19,7,5.1,9,2.6,1
54511.4,24,2.6,2.95,3,2.8,6,25.9,0
33991.02,16,3.24,2.73,5,2.9,16,29.9,0
50601.77,12,3.89,3.92,7,5.2,12,12.2,0
52203.99,7,2.96,3.04,7,15.1,7,57.9,0
43437.96,36,2.57,4.34,4,9.9,2,41.6,1
56133.37,24,4.11,4.61,8,5.1,24,55.5,0
70376.9,57,3.18,2.69,8,3.1,29,55.8,1
127321.97,25,3.05,4.02,5,2.8,16,13.6,0
64204.66,36,3.67,4.94,10,7.7,18,37.5,0
66371.31,21,1.49,2.9,6,1.2,21,45.0,0
58117.47,31,3.58,4.34,9,4.4,14,54.3,0
27791.67,7,3.53,3.89,8,3.5,7,71.0,0
59242.5,24,2.1,4.17,6,5.2,17,65.4,1
61334.15,18,1.65,2.97,4,1.0,18,13.9,1
160379.29,53,2.75,4.83,2,5.9,20,32.9,0
55439.94,35,3.35,3.03,3,4.9,19,27.7,0
67549.7,49,3.43,3.95,1,1.0,12,19.3,0
59048.55,60,4.56,3.46,8,3.0,24,24.8,1
37516.22,23,3.35,3.88,7,5.7,18,69.0,0
94573.17,34,2.08,2.81,5,11.6,13,37.4,0
80884.15,15,3.0,2.64,2,0.7,15,6.5,1
82159.09,39,2.16,3.7,7,0.0,6,9.6,0
41616.21,42,3.06,3.24,12,0.9,6,26.7,0
104937.24,38,4.33,3.22,5,22.7,28,86.3,1
34175.34,23,3.57,3.88,3,7.3,7,13.2,1
75715.85,81,2.62,2.45,4,4.8,24,53.4,0
143800.51,32,3.67,4.34,5,0.7,32,34.3,0
40287.05,130,2.58,3.58,6,2.7,46,46.6,0
47737.9,15,1.0,4.03,3,6.3,13,48.2,1
62308.96,45,2.21,3.87,3,11.3,13,83.6,1
48952.7,54,3.57,3.91,1,2.4,17,51.0,0
32200.42,15,3.82,2.66,5,40.0,2,28.0,1
61538.93,27,4.57,4.32,2,0.8,3,22.5,0
39146.98,11,3.47,3.69,4,2.4,4,72.3,0
72362.03,61,4.28,3.17,2,10.4,12,25.1,0
41449.47,30,3.7,3.41,7,5.2,13,38.4,0
111298.8,18,3.95,3.75,3,8.3,11,11.9,0
43769.77,55,4.08,3.63,9,11.9,13,12.9,0
52637.04,31,3.59,3.92,6,3.5,31,33.1,0
82901.37,50,4.06,4.66,5,1.3,31,12.9,0
36594.54,41,2.64,2.77,2,5.9,15,37.2,0
65577.24,16,1.26,4.03,5,4.1,12,12.7,1
100998.11,22,3.72,3.42,5,7.4,14,51.9,0
31476.82,18,3.5,4.3,8,3.6,18,25.7,0
64463.44,14,2.5,4.64,2,8.3,7,47.5,0
66433.26,9,2.19,3.64,5,11.6,9,46.6,1
81857.0,90,3.3,3.93,5,6.9,63,44.4,0
36505.55,37,3.77,4.35,6,6.8,37,39.5,0
35306.32,40,3.62,4.2,1,4.4,13,38.8,0
73775.11,58,2.38,4.38,3,3.2,8,26.9,0
67426.53,22,2.56,3.29,9,18.0,1,30.7,1
66184.21,12,3.74,3.14,6,5.2,12,72.4,0
68773.88,48,3.26,2.7,5,9.2,2,54.1,0
45614.92,13,4.05,3.36,4,3.5,13,30.8,0
65703.11,47,2.94,3.44,3,4.0,9,18.2,0
67321.1,10,3.79,3.4,11,5.4,10,17.5,0
44992.88,13,3.17,3.84,6,6.5,9,36.3,1
126286.68,21,2.62,3.86,3,3.0,21,52.8,0
72368.99,46,3.94,3.45,7,2.2,29,46.1,1
37178.23,75,2.41,3.74,6,1.4,9,158.7,0
77856.4,40,3.26,4.08,2,2.8,2,14.0,0
40543.36,21,3.34,2.94,4,1.2,21,19.2,0
82029.47,53,3.1,4.15,5,2.7,12,59.8,0
95171.73,10,3.99,3.07,2,10.4,10,22.7,0
43119.35,17,3.66,4.51,2,18.9,17,24.1,1
88022.74,33,3.56,3.62,4,4.3,14,86.0,0
70623.09,49,3.25,3.54,6,0.8,18,48.0,0
83185.14,28,4.69,2.25,4,2.8,12,44.6,0
127863.32,26,4.37,3.96,6,4.6,7,8.8,0
54276.4,27,3.94,3.57,8,2.3,25,36.0,0
44289.62,58,3.8,3.62,7,1.1,35,20.5,0
41948.34,19,2.72,3.43,8,1.3,19,22.7,0
43203.46,16,3.16,3.94,5,3.2,16,69.8,0
58055.77,26,3.71,4.08,1,1.2,13,17.8,0
68628.34,62,4.04,3.84,5,1.4,7,31.2,0
66881.41,20,3.91,4.42,5,10.3,7,36.8,0
83355.79,27,3.66,3.0,7,7.5,21,25.6,0
60186.34,10,4.8,3.09,2,0.3,10,17.3,0
107088.8,27,3.09,3.78,6,1.9,27,35.3,0
53859.67,36,4.01,3.96,6,3.8,12,35.3,0
177738.33,13,3.91,3.86,3,0.3,13,42.0,0
76900.44,58,3.56,2.6,5,5.7,27,52.7,1
42494.8,36,3.58,2.66,7,2.4,1,20.4,0
39012.72,22,3.57,3.37,4,2.5,0,16.3,0
72619.51,36,2.63,2.25,3,1.5,11,33.4,0
54754.5,42,3.52,3.68,2,2.0,42,17.6,1
79666.16,8,3.8,3.45,4,9.9,8,48.6,0
72351.76,37,3.46,2.86,8,7.8,9,28.1,0
58155.08,61,1.73,3.11,9,13.7,28,67.2,1
42671.33,19,1.93,3.58,11,6.0,19,21.1,1
32665.05,23,2.55,2.45,4,4.3,23,35.6,0
50080.85,25,3.11,3.08,8,1.5,24,24.3,0
84335.61,49,2.59,3.32,2,5.5,4,14.2,0
65227.57,15,3.72,3.29,2,11.8,11,24.6,0
36377.45,41,4.15,3.31,8,0.4,25,20.2,0
64168.8,25,4.27,4.45,3,2.9,25,17.2,0
69851.51,77,3.47,4.16,6,0.8,12,10.2,0
42043.37,26,4.07,3.05,6,8.3,9,52.1,0
63671.35,5,2.75,2.77,6,4.8,3,25.4,0
61284.58,45,3.08,3.21,4,10.6,17,157.2,0
37904.0,39,2.27,4.36,2,0.3,29,41.0,0
69086.52,35,4.17,2.01,4,11.8,28,17.4,0
74930.31,60,4.77,3.56,7,0.3,2,30.8,0
92338.87,9,2.92,3.28,5,1.7,9,26.3,0
91264.83,17,1.46,4.34,5,0.8,17,24.9,0
34507.51,31,2.44,4.19,5,0.8,16,38.2,1
41145.51,34,2.68,2.47,4,0.9,31,29.0,0
73571.58,28,2.14,4.34,4,3.3,15,39.6,0
73534.82,10,2.38,1.87,2,7.7,5,24.3,0
73571.95,23,3.36,3.93,4,11.4,10,14.2,1
279593.66,74,3.73,3.99,3,4.2,25,33.7,0
75233.82,14,1.55,4.68,5,0.9,14,22.9,0
94299.04,30,2.77,3.66,3,0.4,7,58.3,0
87693.29,41,3.23,3.03,6,3.4,41,32.2,0
77695.8,48,2.35,2.79,8,7.2,48,13.2,1
52780.25,45,3.39,4.52,5,4.8,7,15.4,1
81112.12,22,3.11,4.69,6,4.4,22,46.3,1
43952.73,17,2.84,3.19,2,0.2,17,9.7,0
54462.77,77,2.51,3.52,7,2.7,13,62.0,1
49308.64,51,3.42,4.45,4,4.0,5,9.5,0
61867.46,32,2.59,4.04,7,4.6,32,26.0,1
151125.13,66,1.81,3.37,3,0.0,16,80.1,0
28370.18,10,3.22,2.97,7,1.1,3,45.1,1
78787.06,12,2.21,2.91,5,15.0,12,41.0,1
31411.01,5,1.88,4.17,4,3.6,5,14.9,1
49574.27,34,3.3,3.24,7,6.1,9,73.8,1
92557.03,35,3.07,3.22,5,1.8,18,41.7,0
61433.59,11,2.51,3.93,6,4.4,11,79.2,0
38905.94,50,3.38,3.56,7,2.2,12,17.7,0
44975.74,7,3.54,3.77,6,1.8,7,22.8,0
78577.38,38,3.39,3.27,8,2.7,9,14.2,0
44705.57,43,3.36,3.24,4,3.1,8,21.2,0
65289.3,33,1.92,2.99,7,2.0,20,21.9,1
60975.58,10,4.23,4.0,5,1.5,1,50.8,0
46136.51,60,3.65,3.56,5,4.9,12,27.9,0
141149.89,22,2.44,3.71,5,2.4,22,42.6,0
77154.69,22,3.19,2.79,4,1.1,3,38.3,0
26633.98,20,3.34,3.99,2,7.1,20,12.3,0
64510.4,46,3.17,3.72,5,6.4,38,39.6,0
45948.91,22,4.63,4.01,7,10.9,22,41.4,0
84201.95,14,1.64,3.74,4,4.0,14,39.1,0
43607.82,53,2.02,3.7,6,1.6,18,27.6,1
57188.35,30,1.36,2.23,4,10.0,8,78.2,1
73276.48,54,3.26,4.3,3,1.6,44,56.5,0
84651.84,31,3.64,2.58,2,5.3,13,16.8,0
37044.73,19,3.49,4.23,3,1.1,10,81.5,0
52375.78,8,2.97,3.45,5,5.0,8,32.2,0
49514.55,34,3.53,2.38,11,9.2,6,27.2,0
46104.61,25,2.96,3.44,4,3.9,10,15.7,0
121319.36,47,3.79,2.45,6,3.2,17,30.8,0
70403.11,21,4.09,4.28,8,25.2,21,46.0,0
36157.74,39,2.46,3.14,8,0.1,16,26.3,1
86434.72,30,2.97,2.77,4,2.0,29,44.8,0
139925.09,18,3.1,3.96,12,12.5,8,72.2,1
90489.23,22,4.34,3.47,7,5.1,22,68.6,1
32606.01,12,2.55,3.86,1,3.9,12,77.4,0
49330.92,80,4.08,3.42,1,5.1,47,29.2,1
99385.79,38,2.03,4.31,7,1.9,32,40.8,1
45113.29,11,4.19,3.22,3,0.4,5,32.3,0
71505.37,78,3.88,2.4,4,1.6,13,50.1,0
81621.96,14,3.08,2.73,2,2.1,2,44.5,1
41325.2,21,3.93,3.8,3,3.3,12,29.1,1
58465.37,26,2.8,3.04,8,2.5,22,37.3,1
16374.71,31,2.46,4.4,4,3.7,31,41.0,0
39745.22,46,4.57,2.68,10,1.1,15,69.1,0
54120.74,6,2.77,4.21,4,1.0,6,31.9,0
36347.72,31,3.74,3.2,3,2.2,22,47.4,0
115031.87,26,4.09,4.42,3,3.2,9,27.8,0
33790.79,34,3.85,3.85,3,2.1,8,36.7,0
50210.64,25,3.68,3.63,5,4.3,25,29.8,0
63088.65,23,3.74,3.97,5,1.9,23,18.0,0
106564.88,28,4.05,4.36,8,1.0,15,12.3,0
33713.55,75,3.45,3.46,7,9.9,3,26.1,0
95345.79,23,3.17,2.19,5,1.1,23,29.4,1
60119.72,58,2.1,4.34,1,17.0,8,40.3,1
40432.8,33,3.45,3.31,4,21.9,25,52.1,0
72030.25,32,4.02,5.0,6,6.0,12,20.1,0
64836.49,34,2.32,3.08,4,3.5,17,25.7,1
47094.58,41,3.02,3.23,4,7.9,25,46.2,1
61569.43,24,3.54,4.02,3,10.3,1,33.3,1
51321.99,56,4.41,4.03,3,6.2,9,17.8,0
62655.51,41,2.27,3.8,3,0.5,23,35.5,0
78030.28,12,3.83,3.11,7,0.0,9,18.6,0
112916.82,5,2.91,2.69,8,1.1,5,45.0,1
36492.93,74,2.66,3.03,6,1.0,30,78.9,0
140535.21,35,2.47,2.44,6,1.0,13,46.8,0
27423.75,11,2.68,4.94,2,3.6,11,62.4,1
56347.09,23,3.6,2.78,9,3.7,22,13.7,0
75760.09,51,3.02,3.29,7,6.4,31,37.6,1
66996.57,27,3.77,3.98,5,1.1,11,46.4,0
46672.96,29,2.3,3.5,6,0.5,1,13.0,0
55091.52,46,3.76,3.09,4,5.5,4,37.1,0
49158.23,37,3.55,3.4,6,3.3,16,37.7,0
47299.46,42,1.99,3.07,5,5.5,23,12.5,1
84106.64,45,4.4,3.32,5,2.4,15,33.0,0
69065.2,19,3.47,3.77,4,6.9,11,40.6,0
45380.43,20,3.81,2.77,2,5.7,20,46.7,0
85805.63,17,4.12,4.26,5,5.3,9,14.8,0
67705.3,21,3.97,3.55,6,0.1,5,8.7,0
82879.65,28,3.1,3.09,4,9.8,12,37.3,1
77022.4,29,3.78,3.28,6,2.4,19,26.8,0
42976.21,65,1.75,4.32,3,0.7,40,62.7,0
47854.84,36,3.52,4.07,8,7.0,36,94.4,0
80734.19,28,4.59,3.67,3,3.3,16,48.5,0
76431.34,15,2.64,3.08,5,0.2,14,73.9,0
59375.64,25,3.93,3.9,1,7.6,25,22.7,0
62751.07,77,4.62,3.51,9,2.9,12,47.7,0
99814.22,77,3.75,4.72,3,7.0,5,21.2,0
47257.73,25,4.02,3.47,2,7.0,25,50.5,0
74521.2,9,1.94,4.68,10,0.5,9,42.0,0
55222.34,23,2.45,3.64,4,4.7,8,52.0,0
54881.28,65,4.34,2.77,6,2.2,19,17.6,0
92921.54,28,3.97,5.0,11,4.0,13,47.0,0
83296.89,46,3.6,2.49,6,0.5,34,5.5,0
82901.12,30,2.99,2.12,3,4.4,5,60.2,0
100930.91,11,3.43,2.05,4,7.5,11,40.9,0
60379.3,31,4.59,5.0,7,21.6,22,37.0,1
78651.44,49,3.12,4.99,4,1.9,11,23.9,0
52885.97,21,3.76,3.6,7,0.8,21,121.3,0
68163.64,48,3.74,3.8,5,2.3,11,36.6,0
56837.0,32,2.67,3.68,7,0.1,8,34.4,0
62242.82,47,2.73,2.26,7,2.6,32,32.4,0
75967.65,37,4.42,4.52,1,12.3,13,25.8,0
43161.83,16,3.66,4.43,4,1.1,3,48.3,0
138268.8,25,2.66,2.64,10,3.2,18,53.2,0
40038.35,25,2.95,3.73,6,4.3,14,49.2,1
36839.45,20,2.41,3.45,10,1.0,20,90.1,0
95153.28,35,4.05,3.35,6,2.0,1,16.3,0
82179.82,85,3.0,3.02,4,12.1,23,33.8,1
76852.86,56,3.01,3.42,6,1.8,31,10.3,0
76982.87,60,3.87,3.13,2,5.0,5,31.6,0
59581.55,19,1.86,4.24,5,0.7,19,50.5,0
41818.67,61,3.17,3.48,5,5.5,20,17.5,1
61717.44,72,3.19,3.02,3,1.6,12,13.4,0
45667.19,19,2.97,3.48,6,1.3,16,12.4,1
88437.19,40,2.76,3.4,1,0.7,6,12.4,0
56453.75,40,2.63,3.37,3,0.2,14,54.4,0
43036.38,26,3.43,3.97,4,17.2,16,15.4,0
52651.27,34,2.39,3.31,5,2.7,14,51.6,0
70627.34,41,3.33,3.1,3,7.5,35,28.1,0
47787.06,27,2.76,2.55,1,12.6,20,19.3,1
43092.83,55,2.81,3.49,4,1.1,34,37.7,0
66004.28,12,3.36,4.37,4,10.2,12,31.1,0
66038.07,25,2.8,3.41,8,6.2,25,23.3,0
48884.85,46,4.21,3.15,6,4.3,19,9.4,0
49591.99,80,3.09,2.97,1,8.3,19,21.1,0
65697.75,56,4.04,2.29,6,0.6,36,25.8,0
33549.13,33,2.59,4.32,4,1.5,7,32.0,1
34098.7,28,2.57,3.84,3,0.7,20,33.7,0
44919.28,26,1.87,4.04,2,11.3,17,21.4,1
54974.3,26,2.81,3.68,5,0.5,26,38.8,0
67803.09,8,3.01,2.94,5,19.5,8,46.7,0
108027.65,78,3.26,3.28,6,0.6,23,70.3,0
84378.16,30,3.76,3.15,2,5.4,19,52.2,0
56163.63,18,3.7,3.21,3,5.4,18,11.3,0
59420.44,39,4.11,3.21,0,13.4,39,53.5,0
40094.25,19,2.49,4.27,6,2.0,13,67.4,1
59432.4,52,3.22,4.92,7,2.0,18,77.0,0
53345.05,18,2.4,2.89,3,9.4,18,14.6,0
68124.18,47,3.53,3.38,7,19.2,6,28.7,1
43006.55,25,4.64,3.65,7,0.2,16,11.0,0
73698.56,36,2.24,2.81,5,5.0,4,28.5,0
110535.89,50,3.75,3.54,5,1.4,22,19.7,0
57325.22,22,4.04,3.75,4,6.5,9,35.3,0
70311.08,49,2.49,3.45,5,7.4,9,47.6,0
78909.55,8,3.55,3.94,2,7.2,4,29.7,0
50996.48,69,2.91,3.5,4,2.9,17,96.9,0
65488.97,54,3.1,1.49,6,0.9,25,45.0,0
60176.49,29,2.89,2.83,5,4.4,6,44.7,1
62259.75,59,3.02,4.5,4,7.8,5,46.9,0
43949.48,56,4.12,3.86,6,12.2,24,12.7,0
60464.04,31,3.14,1.5,4,3.0,2,47.7,1
73071.91,30,2.72,2.44,4,1.4,27,20.4,0
106986.45,17,3.26,4.01,6,0.6,17,43.1,0
87878.31,32,1.5,3.1,4,8.0,12,32.9,1
141672.45,10,2.55,1.61,7,3.8,10,29.6,0
44049.13,47,4.2,4.24,7,5.6,13,20.3,0
84874.44,48,3.08,4.01,6,0.9,7,26.2,0
64430.14,8,2.82,2.92,4,0.0,8,30.6,0
143762.97,65,3.34,4.37,5,17.1,20,22.0,0
43333.47,21,3.79,2.95,5,8.3,21,9.0,1
42792.21,125,4.26,3.06,5,2.6,10,48.4,0
47110.11,35,2.84,3.16,6,3.1,9,5.0,1
25602.41,66,2.86,2.17,6,13.2,13,21.6,1
48518.38,16,3.02,3.79,8,1.2,8,26.3,0
44194.12,25,4.02,3.86,4,8.1,20,29.6,0
63586.57,22,3.25,3.18,9,0.1,13,78.2,1
68644.92,10,4.93,3.99,11,10.4,7,50.2,0
126812.94,13,3.07,2.39,5,4.4,6,6.8,1
87567.88,28,4.61,3.98,5,3.2,16,56.9,0
47535.81,38,2.49,3.73,5,6.1,20,10.1,0
41799.27,15,2.09,3.02,2,0.4,15,38.7,0
72894.44,24,3.12,3.79,4,1.1,24,41.9,0
35309.48,19,4.11,2.88,6,2.6,9,15.7,0
124565.07,29,2.82,4.27,3,4.8,13,20.1,0
95968.57,45,2.71,3.87,6,0.8,37,23.2,0
49628.96,33,4.02,3.75,6,2.4,6,21.4,0
30174.31,21,3.76,3.18,2,1.5,8,13.2,0
102903.71,55,2.57,4.04,2,5.2,28,44.0,1
57192.84,38,2.52,4.34,7,12.6,34,13.9,1
98235.85,33,3.86,4.62,7,0.9,33,25.6,0
31641.63,15,1.89,3.12,5,1.0,15,23.0,1
47110.44,51,4.06,4.07,4,4.6,0,23.8,0
59999.86,40,3.75,4.48,3,3.0,17,27.6,0
61009.95,41,1.38,3.33,5,6.3,22,31.2,1
50009.78,27,3.21,4.48,2,1.7,18,2.2,0
76813.83,24,1.62,3.61,5,3.9,24,15.1,1
39063.81,79,2.24,2.79,6,2.4,7,58.2,1
56559.49,23,2.8,3.0,7,1.7,16,46.2,0
62825.62,13,2.19,2.49,6,6.5,13,6.6,1
73554.03,34,4.97,3.47,4,7.9,6,17.7,0
79590.18,30,3.89,3.39,3,2.0,9,28.6,0
38182.9,56,4.29,3.63,4,4.9,21,14.9,0
32414.28,28,3.09,4.45,4,1.0,21,29.1,0
99814.7,44,3.22,3.49,12,7.8,44,16.3,1
68386.15,68,4.46,3.31,6,1.7,13,54.9,0
44382.72,39,3.55,3.36,4,0.9,12,48.5,0
111353.02,16,3.69,2.2,4,14.1,16,69.4,0
62709.6,8,2.47,3.98,13,2.7,8,45.3,0
95963.09,39,2.47,3.39,6,5.2,24,40.9,0
61513.22,25,3.41,3.56,4,8.3,22,15.5,0
136529.93,36,3.5,3.36,5,5.8,29,19.8,0
120829.57,31,2.4,3.59,3,4.2,27,42.7,0
54198.82,13,3.49,2.58,4,2.3,13,23.1,0
88311.74,28,2.22,3.5,6,12.5,21,47.2,1
77509.08,15,3.21,3.08,5,0.7,15,11.8,0
103513.01,22,2.05,3.52,6,10.8,13,33.0,0
40701.92,51,4.26,2.79,5,6.2,12,29.8,0
78780.48,32,2.95,3.83,7,4.2,32,18.6,1
91433.74,43,2.65,3.51,5,2.0,35,31.5,0
29628.86,34,2.28,2.59,7,0.8,19,15.0,1
37298.06,26,2.21,4.16,5,2.9,18,29.2,0
26484.29,36,3.55,3.14,4,7.7,12,11.0,0
53757.44,9,4.0,3.25,7,6.8,9,20.2,0
79779.1,47,3.92,4.06,4,5.2,1,58.9,0
109200.71,18,4.32,4.25,4,24.5,18,58.1,0
61675.24,41,4.6,3.17,5,18.0,10,27.9,0
114857.35,25,3.97,3.58,1,2.6,23,35.5,0
34473.96,13,2.8,3.98,7,1.1,13,66.2,1
30292.25,20,3.34,4.38,1,3.1,20,26.9,0
58558.46,41,1.39,3.56,5,9.3,41,12.4,1
69816.54,93,3.71,3.83,5,3.1,13,38.5,1
59096.21,29,3.32,2.86,4,2.0,10,24.0,0
26187.13,87,4.48,2.44,4,6.8,15,64.2,0
57777.34,9,2.61,3.89,5,5.3,9,18.1,0
35532.83,26,3.61,2.94,7,17.3,19,21.0,1
78266.04,29,2.4,2.85,1,4.0,22,34.0,0
69330.44,43,3.11,3.95,8,17.1,20,59.0,0
41111.7,20,1.89,3.4,3,1.7,20,46.9,1
48749.65,38,4.28,3.66,4,10.0,10,34.3,0
39195.4,27,4.04,2.6,4,2.2,27,45.2,0
58391.66,61,2.82,2.86,6,8.3,20,80.2,0
87733.31,34,3.41,4.64,6,13.0,4,29.7,1
40364.65,119,3.23,3.04,3,4.9,8,13.7,0
73248.91,27,2.71,3.36,3,6.5,26,33.8,1
48431.08,58,3.3,3.67,2,15.9,37,64.3,0
43601.68,69,2.85,2.75,3,2.4,20,17.9,0
57364.9,4,3.98,4.45,5,3.6,4,15.2,0
39573.03,47,3.03,3.51,6,11.4,6,52.5,1
47980.04,13,5.0,3.33,6,5.6,13,15.3,0
37080.59,27,3.14,4.25,6,10.3,8,39.5,0
131385.37,14,3.29,4.14,5,4.8,4,28.8,1
60724.68,61,3.62,4.88,5,6.7,25,44.9,0
45256.87,21,3.87,3.19,6,0.1,11,53.5,0
65224.6,9,3.26,5.0,6,2.1,9,18.0,0
57243.47,35,3.61,3.95,5,7.4,10,15.6,0
54809.14,66,3.35,4.68,6,2.6,46,56.1,1
76547.5,14,2.58,4.19,6,2.3,6,40.0,0
81064.72,50,2.36,3.05,6,15.1,6,22.8,0
48426.36,7,3.76,2.92,4,4.0,7,6.2,0
47556.45,69,4.41,2.24,7,1.1,1,12.1,0
53636.19,39,1.9,2.09,6,3.2,39,38.2,1
23842.66,13,2.05,3.07,3,3.7,13,27.7,1
32660.56,48,2.04,4.39,7,22.4,31,56.1,1
103440.28,22,3.82,3.15,4,6.3,17,54.8,1
115611.08,17,3.89,3.03,9,3.7,6,22.1,0
54197.26,22,2.42,3.99,5,2.8,22,34.8,0
75404.54,45,4.96,2.9,5,12.4,40,49.9,1
67812.38,16,2.89,4.79,9,5.2,7,24.4,0
205161.41,5,4.35,3.32,5,2.2,5,57.3,0
93697.8,22,3.85,4.15,3,3.1,8,66.1,0
56887.62,63,2.43,3.36,5,1.6,26,41.1,0
40854.97,62,2.87,3.52,3,16.1,23,22.9,1
31489.88,22,2.5,4.29,5,6.1,22,67.9,0
64950.81,21,2.12,3.66,5,2.5,9,30.0,0
44243.32,20,3.0,4.55,3,1.0,20,18.8,0
33897.57,20,2.24,2.95,7,1.0,20,19.1,0
46229.38,21,3.06,2.59,3,3.2,21,24.3,0
38846.79,36,4.75,2.28,6,3.2,9,58.4,0
117577.93,63,3.76,4.38,8,2.7,3,33.7,0
85191.41,16,2.75,4.13,3,9.5,15,37.5,0
59683.5,18,2.69,3.31,4,19.4,16,52.2,0
108226.08,38,2.88,3.71,6,2.2,38,16.1,1
61756.06,47,4.86,4.25,5,1.7,8,34.5,0
42424.71,10,2.33,3.37,7,7.4,10,23.2,1
110111.6,77,3.2,2.27,10,3.0,4,8.7,0
74277.55,25,3.57,2.28,6,1.2,11,40.7,0
39541.32,11,4.17,2.73,8,1.0,7,43.3,0
55484.81,10,2.93,3.57,3,1.6,10,40.7,0
42182.16,10,2.43,2.84,5,0.0,10,61.1,0
34436.77,58,3.43,4.22,2,14.2,19,56.7,0
86722.71,32,4.25,2.61,6,2.8,8,33.2,0
128510.6,58,2.98,3.01,6,0.4,2,20.6,0
34220.25,29,2.53,2.23,1,0.9,10,52.5,1
74995.82,57,3.29,3.19,5,2.0,25,67.2,0
46154.19,28,1.9,3.5,2,4.0,27,31.8,0
49273.9,42,3.03,4.25,4,6.1,19,49.4,0
47242.18,30,4.14,3.58,3,1.8,27,7.2,0
42378.81,27,3.9,4.02,7,15.8,7,44.6,0
61047.57,17,3.08,4.2,4,7.1,17,42.7,0
42942.61,46,4.53,3.77,6,8.7,32,18.8,0
66714.84,14,4.73,2.87,9,2.0,5,24.9,0
58682.96,46,3.73,3.78,4,2.4,10,47.4,0
54416.4,33,2.03,4.54,4,3.9,12,28.8,0
41646.58,47,1.7,3.28,4,3.0,7,48.6,0
47538.32,35,4.31,3.89,4,1.5,4,32.2,0
80996.12,61,3.4,3.87,5,29.5,38,32.0,1
73157.28,40,4.51,3.24,9,9.4,24,17.7,0
40496.79,34,2.13,4.16,3,1.4,15,72.7,0
62301.01,4,3.07,3.23,6,11.1,4,44.9,1
80866.49,62,4.02,3.82,4,4.4,4,95.4,0
30706.75,9,2.62,3.33,6,0.1,9,58.3,1
74409.89,12,4.01,3.53,3,2.1,12,27.8,0
45933.52,49,3.1,4.15,8,0.1,44,22.8,0
75225.04,32,3.22,2.14,5,0.5,32,64.4,0
44121.23,10,2.25,3.93,7,1.0,9,13.1,0
29087.02,21,3.4,4.0,4,3.3,5,41.5,1
31225.27,60,4.95,3.1,4,2.4,12,43.5,0
61036.91,34,3.51,3.48,2,0.8,17,75.4,0
66429.0,32,2.57,2.82,7,2.5,19,44.4,0
41700.71,19,4.32,2.94,5,1.8,12,61.4,0
77299.05,50,2.59,3.69,6,2.6,7,37.3,1
30803.76,29,4.58,5.0,8,0.9,29,44.7,1
58312.29,45,2.18,3.96,7,4.7,22,62.0,0
36886.23,18,3.42,2.91,4,0.2,14,17.1,1
46132.16,93,4.42,4.04,4,2.5,10,14.4,1
61020.15,66,2.51,3.91,3,11.3,9,59.7,0
42439.49,34,3.27,2.29,6,2.7,34,22.9,0
51337.55,39,4.13,3.28,9,2.9,1,47.2,0
89546.84,21,1.4,3.4,4,0.4,15,97.7,1
47536.03,47,3.94,3.58,8,4.6,39,59.6,0
83639.97,5,3.13,3.48,4,13.8,5,6.8,0
38105.63,76,4.35,3.6,5,1.7,31,65.0,0
74007.5,45,2.54,2.85,1,2.5,29,17.4,0
106577.47,16,2.09,3.27,3,4.4,16,55.5,1
22277.72,75,2.77,3.31,5,0.5,75,41.2,1
43531.58,89,2.75,4.31,1,15.0,30,86.7,1
75420.08,40,3.03,3.01,6,3.2,3,17.3,0
55203.51,18,2.83,3.33,5,0.6,18,13.1,0
69456.67,32,1.59,3.25,6,2.0,26,37.8,1
47023.65,43,3.12,4.61,5,2.3,30,19.1,0
61984.27,38,3.39,3.97,4,2.1,6,43.5,1
56259.44,16,3.05,2.85,4,5.9,15,23.2,0
95522.09,43,3.43,3.78,3,2.1,43,21.5,0
66288.28,60,3.27,2.79,5,2.0,17,8.0,0
68530.97,13,2.09,3.68,5,1.9,13,21.3,1
50779.56,14,2.96,4.46,3,7.5,14,37.1,0
49264.43,21,3.29,2.13,5,1.8,2,34.1,0
50361.22,27,3.01,2.79,6,0.1,4,29.8,0
70107.21,51,2.01,3.61,8,2.3,4,25.2,1
50594.91,59,4.18,3.22,7,1.6,17,46.5,0
67232.36,18,2.42,3.65,4,12.0,15,9.7,0
137332.51,36,2.21,3.44,4,3.2,21,48.0,0
84833.85,58,3.23,2.32,1,1.3,3,78.4,0
52553.69,96,2.95,3.94,4,20.0,14,41.3,0
96808.06,35,3.68,2.57,4,1.4,11,5.6,0
50856.84,37,3.9,3.64,7,7.2,37,27.8,0
26496.03,40,3.78,3.18,4,5.2,7,40.3,0
40005.23,26,3.2,5.0,6,3.1,13,5.3,0
28330.19,34,3.64,3.42,4,2.6,22,46.4,0
52020.58,6,1.95,3.75,5,10.3,6,92.5,1
60316.88,21,4.08,3.89,3,3.2,21,5.9,0
117075.57,42,2.88,3.74,3,2.4,29,34.0,0
68238.96,17,4.78,3.48,4,2.2,17,115.4,0
54850.13,52,4.1,2.81,8,1.6,22,11.6,0
83429.92,8,3.04,3.42,6,2.6,8,41.5,0
24724.4,50,3.22,2.19,5,0.6,1,50.3,0
65791.49,50,4.15,3.84,7,0.3,19,24.3,0
81499.0,97,1.39,5.0,8,3.9,16,55.0,1
33142.29,25,3.07,3.62,4,3.0,9,88.5,0
94608.41,32,4.56,3.74,7,1.0,32,37.6,0
68555.48,72,3.88,2.41,4,0.6,21,41.4,1
50710.33,67,2.53,2.93,6,0.8,1,38.1,1
77119.6,56,3.45,4.13,4,1.9,17,40.2,0
148490.63,39,2.42,2.49,6,3.0,17,24.5,0
64392.12,71,2.93,2.99,3,1.1,17,47.2,0
66124.08,116,3.47,3.9,2,7.0,4,35.7,0
49824.18,45,3.61,4.07,4,1.1,17,26.0,0
42619.29,32,3.78,3.42,7,0.7,11,19.0,1
83460.97,48,4.19,3.59,6,26.1,8,29.8,1
42513.05,35,2.25,3.58,10,3.0,4,12.9,0
61612.9,26,3.22,2.64,5,0.9,26,71.1,0
49460.86,52,2.52,3.45,5,11.2,52,65.6,0
72518.13,23,2.88,3.67,6,1.3,23,26.9,0
68423.04,44,2.6,3.44,6,13.0,7,19.6,1
90673.1,10,3.6,2.15,2,0.6,10,37.1,0
48824.79,78,4.04,4.57,3,9.2,13,30.6,0
53747.37,19,4.09,2.73,5,1.0,1,9.6,0
40477.22,12,2.32,3.55,4,13.9,11,45.6,1
50125.38,65,3.1,3.73,10,4.3,17,55.6,0
69627.87,72,2.29,3.18,4,1.1,20,40.3,0
81047.89,38,2.27,3.67,6,9.3,20,21.4,1
41404.05,30,2.67,2.96,5,2.5,6,46.0,0
84782.32,25,3.47,5.0,9,6.6,10,32.5,0
102976.4,37,3.62,3.32,5,5.2,21,68.4,1
70641.56,31,3.72,4.13,10,6.3,9,64.9,0
126844.64,28,3.67,2.74,8,2.1,8,35.8,0
43935.78,17,2.52,4.0,6,14.0,7,66.1,1
36393.23,14,4.15,3.0,6,4.1,4,19.6,0
29393.0,33,3.84,2.52,4,0.4,7,37.5,0
108925.31,36,2.87,2.75,5,0.3,23,67.4,0
77788.3,19,2.9,2.91,2,6.7,12,59.3,0
58557.6,21,2.67,3.58,3,9.5,16,53.8,1
66969.16,36,2.17,5.0,7,5.9,19,37.9,0
38169.97,17,3.73,5.0,4,1.6,7,58.6,1
159261.18,57,3.86,3.27,6,1.3,57,60.6,0
63050.32,43,2.46,4.17,4,4.2,11,33.1,0
62552.28,19,2.21,2.62,4,1.1,13,30.2,0
80041.99,42,2.45,2.03,4,2.4,8,57.3,1
72577.03,17,3.29,3.52,7,5.0,17,34.9,0
65483.51,50,2.09,3.88,5,1.7,47,22.5,1
43643.53,18,4.1,4.05,5,2.4,1,30.8,0
72300.57,29,4.05,4.26,7,2.2,6,46.2,0
127110.21,34,3.54,3.27,2,3.1,11,112.6,0
102556.38,72,3.85,3.55,6,5.6,30,21.4,0
113241.12,19,3.25,4.07,6,7.6,15,19.2,1
48801.37,18,3.57,4.34,5,5.5,18,44.8,1
40302.07,11,2.16,2.87,5,0.1,11,40.6,0
56936.12,84,4.31,3.65,4,11.4,10,44.1,0
61223.72,32,2.81,3.95,4,4.4,32,77.1,0
92751.26,58,3.1,3.6,6,12.6,1,48.0,0
30424.82,22,5.0,3.06,5,16.6,22,18.1,0
110395.0,23,3.02,3.5,2,3.2,1,11.9,0
56207.01,31,3.79,3.87,2,12.4,24,41.5,0
50475.71,31,3.61,2.97,3,2.3,22,27.3,0
39940.98,47,2.13,2.66,4,1.5,6,50.4,1
30885.97,33,2.4,4.94,5,0.4,17,30.2,0
83222.1,25,4.83,3.63,6,3.0,16,44.6,0
61656.08,85,3.66,4.16,9,5.8,31,27.3,0
35739.64,17,3.19,3.65,3,18.8,17,82.7,0
35666.55,19,2.77,4.24,5,3.7,13,17.6,1
52348.9,17,3.46,3.56,3,6.6,17,19.8,0
116728.8,48,3.53,3.91,4,11.3,16,29.4,0
53968.91,41,3.38,2.72,3,3.9,7,43.0,1
32818.34,28,4.06,2.26,9,0.9,22,103.8,0
54268.69,17,2.51,3.17,6,9.4,17,67.3,1
53686.16,34,2.4,2.5,1,4.3,16,16.8,0
20358.33,52,4.03,2.02,5,7.1,1,55.9,0
58587.82,74,4.89,3.71,6,5.4,26,16.8,0
54591.1,21,3.87,2.26,6,0.3,13,16.4,0
79101.14,28,4.24,4.16,4,0.9,28,40.4,0
125439.95,41,3.14,4.51,4,1.7,17,20.3,0
93960.15,25,3.41,2.49,3,1.7,13,52.1,0
53768.58,12,3.4,3.7,2,9.1,6,18.3,0
38460.6,29,3.16,4.8,3,4.6,5,27.3,0
167601.42,13,4.33,3.17,4,0.4,13,22.5,0
61309.33,54,4.09,3.93,5,2.4,16,35.6,0
60208.67,26,2.88,5.0,5,4.1,14,23.1,0
59299.13,30,1.88,2.33,2,1.4,7,15.5,0
64811.21,19,3.15,2.79,2,0.2,4,44.2,0
56514.69,31,2.28,3.89,4,2.4,14,36.9,0
47597.48,64,3.22,5.0,5,3.1,38,44.7,0
48110.53,58,2.34,3.0,6,11.8,20,10.1,0
59094.83,15,4.21,5.0,6,11.9,15,36.1,0
48176.67,2,3.75,3.59,6,3.5,2,64.4,0
45019.98,29,3.73,2.12,4,3.2,17,70.4,0
62478.14,26,4.06,4.61,9,5.1,19,32.8,0
54068.61,25,3.51,3.18,2,1.5,25,16.4,0
109272.19,22,3.64,3.81,5,1.7,22,16.3,0
20735.7,14,4.35,2.34,8,0.0,14,24.2,0
92651.71,101,3.09,2.97,6,0.4,23,48.8,0
98561.31,84,3.68,2.45,3,1.0,2,14.1,0
26124.89,24,2.36,2.38,5,5.1,24,45.6,1
52204.55,34,3.26,3.57,5,1.2,34,43.9,0
51607.57,55,5.0,3.9,6,0.7,11,29.3,0
34098.04,34,3.85,3.12,9,4.8,25,29.9,0
43865.06,23,3.13,2.49,8,5.3,20,45.9,0
38398.35,12,3.41,2.61,1,0.3,12,44.1,0
120681.27,32,3.18,3.76,7,7.4,11,20.7,0
87052.91,13,3.39,3.58,4,4.7,9,30.4,1
99570.58,61,2.88,3.77,3,2.5,21,28.5,0
79911.0,31,3.6,4.59,5,20.4,10,34.6,1
38115.61,43,3.62,3.9,5,0.1,43,14.0,1
48542.35,25,3.21,3.79,4,3.9,25,36.9,0
72820.28,51,3.31,5.0,6,0.9,2,30.2,0
36722.65,21,3.47,3.31,9,2.0,9,20.1,1
79634.24,38,2.78,5.0,8,0.7,12,25.5,1
54386.42,25,3.59,4.5,3,5.5,3,29.2,0
51537.85,27,3.82,3.29,3,2.6,15,27.4,1
79569.33,55,4.37,4.06,5,21.5,31,24.0,0
71518.06,19,3.45,3.35,8,5.3,19,25.8,0
51824.25,39,2.76,2.49,6,12.5,5,63.3,1
95199.69,65,3.12,3.49,6,1.4,6,30.8,0
38854.32,53,2.29,2.47,7,1.9,20,17.8,1
76601.68,21,3.78,3.66,4,2.3,21,69.1,0
75905.2,42,1.55,4.06,7,9.1,18,45.3,0
52901.21,8,4.02,3.35,10,1.2,8,45.0,1
68217.28,56,4.12,3.66,3,14.7,30,22.7,0
36299.33,116,1.0,3.65,7,0.2,55,42.1,1
86648.14,38,4.22,4.09,3,11.0,18,25.7,0
55605.6,67,4.02,3.56,5,3.0,18,21.6,0
48577.26,12,2.97,3.28,1,3.7,2,93.4,0
91090.03,16,2.25,4.06,6,29.8,6,15.5,1
45173.35,25,2.53,3.61,2,10.2,25,24.2,1
34085.1,29,2.59,2.01,3,11.7,23,22.1,1
32123.67,38,4.25,3.25,2,4.4,12,49.9,0
76298.15,21,2.84,3.14,5,15.7,21,71.6,1
35876.16,34,3.92,3.6,3,5.8,6,34.1,0
120803.15,54,3.1,3.53,5,8.6,12,36.8,1
26035.81,42,3.24,2.13,2,6.4,14,10.8,0
118016.83,25,1.94,2.46,4,7.6,25,32.9,0
65147.36,48,2.28,2.83,6,5.1,14,16.4,0
57602.13,24,4.23,3.55,6,6.5,24,31.8,0
48147.88,33,3.08,4.25,5,2.9,25,29.8,1
70238.68,53,3.44,2.38,1,6.1,11,60.9,0
58979.55,28,4.65,3.03,5,1.6,19,42.8,0
93089.88,13,3.1,3.47,7,5.0,8,32.8,0
62673.32,33,3.05,2.85,7,3.7,10,30.4,0
63584.23,53,4.16,3.56,4,11.4,20,21.1,0
51769.43,56,3.21,3.95,2,5.6,9,24.0,0
58525.73,15,3.46,2.97,4,4.5,8,97.1,0
67718.91,47,4.0,3.73,4,1.9,42,109.2,0
30210.13,27,3.2,3.42,6,9.9,27,12.8,0
34916.89,70,3.83,2.7,4,0.3,21,42.2,0
80604.17,13,3.11,3.4,3,11.5,13,32.2,0
64109.39,47,3.98,3.82,2,5.3,8,12.7,0
55626.04,25,3.54,4.49,4,1.1,8,76.0,0
60317.26,21,3.02,4.65,8,11.7,3,54.8,0
68805.07,54,3.26,3.1,7,2.0,1,3.2,0
48247.35,59,1.24,3.06,5,0.9,17,57.1,0
43856.5,6,4.16,3.53,10,1.9,6,24.3,0
64753.18,55,2.2,3.12,8,16.2,16,32.5,1
40483.55,30,2.34,4.35,6,7.0,15,4.2,1
70495.28,32,2.85,3.57,4,12.4,6,40.4,0
30301.93,13,1.77,3.54,8,1.8,13,73.2,0
90369.51,45,3.57,3.95,2,0.4,14,15.3,0
72333.24,102,3.49,3.61,6,4.1,7,15.0,0
66330.95,22,2.81,3.71,2,3.3,6,84.9,0
88705.43,62,2.66,3.68,10,6.4,37,22.9,1
116563.3,31,2.65,3.4,6,3.9,14,9.5,0
89836.63,23,3.69,2.87,9,2.5,19,8.7,0
28671.25,11,1.93,4.73,3,0.0,11,25.8,1
35888.39,67,2.87,2.87,8,3.2,5,10.1,0
46633.41,34,1.98,4.66,5,0.6,34,50.6,1
60502.29,24,3.81,3.74,9,12.8,23,24.1,1
73648.84,26,2.93,3.08,9,12.7,12,66.5,0
44788.31,47,3.64,3.89,5,8.1,29,55.0,0
64518.46,24,4.2,4.05,5,0.9,5,33.6,0
44260.45,17,4.21,4.7,4,0.8,17,46.6,0
46882.18,29,2.38,2.58,15,4.1,20,17.6,0
34109.65,29,3.45,3.4,5,6.5,26,33.6,0
41386.36,28,4.1,4.46,4,11.7,23,10.7,0
34868.05,24,3.76,4.02,5,11.2,4,43.1,0
40524.04,63,3.84,3.84,6,0.8,1,53.2,0
91258.98,123,1.77,4.53,6,27.0,8,30.7,1
40955.46,15,3.74,3.37,5,0.9,12,80.6,0
171605.38,6,2.57,1.82,5,9.2,6,26.6,0
72935.24,27,3.73,3.24,5,4.4,11,38.6,0
64468.66,6,3.71,4.91,6,5.7,6,23.2,0
42474.4,10,3.67,3.71,3,4.6,10,9.5,0
79231.08,22,3.11,2.91,6,10.2,13,46.8,0
47559.88,47,4.25,4.43,3,5.1,41,77.9,1
62868.71,27,3.61,4.09,5,9.4,27,59.7,0
166713.79,4,3.46,3.6,2,0.8,4,41.8,0
57617.18,27,2.45,3.91,6,10.1,27,17.6,1
94817.51,28,3.52,2.79,7,24.8,14,65.1,0
45194.44,28,4.78,3.25,3,5.4,6,37.0,0
59042.02,58,2.09,3.45,4,18.7,58,11.1,1
121579.09,53,3.78,4.27,7,1.2,17,20.9,0
46593.35,33,3.88,3.12,5,8.8,13,35.7,1
123621.46,91,4.58,3.48,3,0.9,17,19.8,0
79467.29,22,3.78,4.51,5,3.6,6,44.9,0
47811.11,29,3.21,5.0,5,5.5,22,13.5,0
77108.06,31,3.54,2.89,4,5.4,21,95.4,1
88346.49,11,2.99,3.6,2,5.6,11,33.6,0
76781.88,31,4.18,2.44,7,1.9,31,16.5,0
31949.45,9,1.96,3.49,6,18.2,9,15.6,1
44763.36,20,2.81,3.3,3,0.0,4,12.9,0
54230.16,34,3.56,4.38,1,4.9,11,61.6,0
58117.76,12,4.14,2.68,4,10.1,12,15.3,0
76746.94,38,3.19,2.58,8,11.1,31,16.9,0
64284.92,18,2.57,4.56,11,6.4,3,99.6,0
35096.7,25,3.03,3.06,3,4.3,6,34.7,1
69708.61,42,2.91,3.64,3,3.1,2,26.4,0
76437.93,30,2.94,3.71,7,3.0,7,18.3,0
74900.53,38,2.85,2.95,7,2.8,4,20.7,0
92255.05,41,2.85,2.95,3,6.0,15,32.9,0
83580.78,30,1.83,4.29,7,6.6,30,60.2,1
71946.07,39,3.44,3.97,2,3.6,35,81.3,0
58217.06,20,3.74,3.49,6,6.8,7,10.4,0
30810.65,42,4.4,3.4,6,3.8,7,32.8,0
71100.33,27,3.89,3.72,11,0.5,17,65.3,0
65060.64,64,3.85,3.77,2,9.5,10,58.1,0
66744.79,34,3.44,4.38,3,10.2,34,11.2,0
35929.02,22,1.79,3.49,6,1.5,22,19.7,1
38854.43,43,3.42,3.81,5,7.7,7,48.9,0
91241.14,66,3.29,4.0,2,3.6,19,14.4,0
58934.26,23,4.02,4.02,4,0.7,8,20.8,0
78637.21,21,3.65,4.51,5,2.5,2,82.6,0
60556.21,3,3.1,3.49,7,0.4,3,26.4,0
60591.05,34,4.77,3.1,1,7.7,15,39.3,0
87143.68,26,3.88,3.25,3,1.1,26,29.7,0
48707.2,42,3.47,3.95,6,0.9,27,17.1,0
62221.03,43,3.56,3.42,1,1.2,35,34.9,0
49766.13,11,3.25,5.0,4,1.3,4,14.5,0
50322.19,53,3.21,3.51,6,5.6,3,39.8,0
52909.13,19,1.46,2.83,7,5.1,19,63.8,0
65437.68,23,2.47,3.73,2,0.7,17,28.5,0
49439.28,39,2.77,4.58,5,6.4,4,28.1,1
98943.32,14,3.56,2.93,1,2.1,14,40.8,0
41862.98,21,1.88,2.91,5,3.1,4,11.1,1
55561.81,13,2.78,3.37,5,0.7,13,48.5,1
50216.93,55,2.68,3.05,4,6.2,39,47.9,1
106808.33,25,3.29,2.55,3,2.4,13,60.0,0
64771.56,13,3.56,2.42,2,5.0,12,26.2,1
90466.76,13,2.68,3.66,4,2.8,13,42.3,0
33049.97,50,2.74,4.0,3,0.3,34,79.9,0
66624.0,18,2.66,3.01,6,6.1,2,61.5,0
85464.15,23,2.89,3.45,6,4.0,23,53.2,0
61877.6,32,3.16,3.63,3,2.8,31,80.1,0
91692.16,26,4.25,2.73,8,1.1,26,23.2,0
48682.97,7,2.39,4.1,6,4.9,7,18.3,1
105212.67,45,4.6,3.65,6,1.6,27,12.9,0
150175.4,27,2.21,3.87,6,2.8,8,41.0,0
51785.45,38,3.96,3.98,4,0.3,17,59.5,0
50101.14,47,2.82,5.0,5,7.5,9,5.6,1
107082.39,6,2.47,2.78,4,0.5,6,34.8,0
112626.11,47,4.25,2.88,9,11.1,16,78.7,0
48574.6,110,3.27,4.68,2,10.1,22,49.7,0
50611.05,40,3.23,3.96,6,17.7,10,43.8,0
53491.93,65,2.98,3.55,10,12.0,5,38.6,1
34969.09,54,2.73,3.17,6,17.8,28,62.7,0
41462.27,46,3.06,3.34,4,10.9,8,39.5,1
40068.42,55,1.0,3.35,7,0.6,38,30.8,0
44041.21,61,1.72,2.45,5,2.9,7,36.5,0
59049.19,62,3.51,4.18,5,0.4,12,14.2,0
65754.66,13,4.15,2.09,4,3.9,13,29.7,0
111324.01,57,4.29,2.91,4,3.8,6,71.6,0
40161.27,27,2.43,3.2,6,12.8,11,24.9,0
88763.34,63,3.35,5.0,4,17.5,22,36.5,0
54962.39,42,1.45,3.43,5,1.5,21,42.2,0
58701.15,13,2.92,3.72,2,4.4,13,27.8,0
78427.33,68,3.86,2.89,10,3.1,27,47.6,0
38212.24,19,3.19,4.11,7,4.0,19,29.6,0
69770.31,26,2.93,5.0,4,3.8,17,74.5,0
63996.32,77,3.19,3.84,3,12.3,39,46.9,1
72909.96,34,4.23,3.27,3,11.3,31,11.0,0
67216.06,25,3.0,2.08,7,0.7,25,66.4,0
159870.61,30,3.26,3.99,6,2.1,30,33.2,0
46393.01,25,4.42,2.81,3,7.0,2,22.9,0
48416.76,50,3.02,2.97,9,5.8,23,77.7,1
46664.72,25,1.89,4.15,2,5.0,6,7.2,0
47944.97,31,4.29,3.17,6,25.4,5,65.6,0
46399.56,44,4.01,3.43,8,2.1,5,61.0,0
96336.89,41,1.43,4.02,4,3.6,22,45.3,1
105683.25,20,3.1,3.01,6,19.4,7,41.3,0
47653.03,50,3.18,2.6,4,5.9,15,26.0,1
42918.48,22,4.29,3.83,4,5.2,18,66.0,0
72299.05,15,3.19,4.03,4,0.8,15,47.9,0
48007.42,8,3.33,3.1,1,1.4,4,70.8,0
77124.23,28,3.36,3.06,3,2.4,28,39.1,0
64936.76,9,2.83,2.73,2,3.1,5,78.6,0
32653.34,18,4.24,4.0,6,3.4,5,14.0,0
111190.71,31,2.57,4.84,3,11.6,19,28.4,0
122804.76,60,2.81,4.15,8,0.6,12,30.0,0
46858.35,26,3.2,3.44,3,1.4,4,59.1,1
51272.99,11,2.13,4.0,7,0.8,2,24.7,0
67127.3,29,4.61,2.92,5,6.6,21,4.3,0
68444.79,59,3.2,3.76,7,17.6,59,66.0,1
77918.42,26,3.86,2.74,4,11.2,18,59.1,0
133797.38,66,2.43,3.41,1,6.4,10,32.1,0
55782.81,31,3.77,4.25,7,0.1,16,28.9,0
43507.17,47,3.84,4.07,6,2.1,3,24.5,0
34484.74,36,3.95,3.9,5,10.0,35,32.0,0
44695.49,64,4.72,3.79,3,5.3,16,38.1,0
59086.0,95,2.75,2.98,5,1.2,7,62.3,0
122739.95,23,3.05,3.6,4,3.1,10,51.8,0
48676.69,35,2.52,4.05,6,0.5,19,7.4,0
65480.99,60,3.12,3.33,4,3.7,16,11.0,0
59482.11,37,3.73,3.36,3,11.6,24,38.7,0
96312.88,8,3.69,3.17,6,0.2,8,45.8,0
164517.62,26,4.51,3.3,5,4.8,7,11.4,0
48419.24,37,3.59,2.96,5,1.3,10,66.0,0
49228.31,74,3.2,3.52,8,23.2,29,28.2,0
90913.55,34,2.33,3.28,4,0.3,30,14.4,0
78649.5,17,3.89,2.47,5,4.8,17,18.9,0
125327.17,37,3.07,5.0,4,1.5,5,55.0,0
75627.2,70,3.91,2.77,3,10.7,24,78.3,0
51858.97,21,2.86,3.41,4,0.7,21,19.0,0
75830.96,23,4.16,3.54,4,2.8,23,13.4,0
93291.23,21,3.51,3.13,4,1.0,9,49.6,0
83132.66,12,3.99,3.44,7,8.0,11,32.0,0
73343.53,33,3.51,2.93,3,2.2,23,58.6,0
91735.97,30,2.46,4.01,4,1.0,7,39.1,0
95579.94,8,2.91,3.48,9,6.5,8,21.0,0
104074.64,18,2.18,4.0,4,8.5,18,24.9,0
77612.51,35,3.35,4.53,2,3.1,21,26.0,0
56002.56,47,2.03,3.3,5,2.4,17,44.2,1
63493.03,54,3.44,4.04,5,5.0,11,47.1,0
97013.32,49,1.0,4.58,3,5.3,29,69.7,1
43184.02,31,3.85,3.41,11,5.4,20,95.6,1
69388.01,11,2.32,3.98,3,1.6,11,29.1,0
51157.5,27,2.44,3.17,5,14.2,27,36.2,1
60566.54,4,4.3,4.34,7,1.2,4,38.7,0
99845.65,35,3.46,3.15,7,2.3,13,68.3,0
64630.37,20,3.88,3.99,5,1.7,8,50.5,0
60996.67,6,2.4,4.2,5,13.4,6,42.0,0
34754.26,39,3.97,2.67,5,8.8,14,15.7,0
80700.61,69,3.09,3.03,1,8.3,16,45.2,0
77512.44,10,3.29,3.0,2,0.0,10,25.3,0
142244.39,41,4.39,4.26,7,5.8,16,39.7,0
52938.64,24,2.27,2.68,3,1.3,24,50.9,1
65359.63,19,3.93,3.73,2,17.2,2,53.0,0
66154.85,19,3.51,4.01,4,3.8,9,19.5,0
112530.7,24,3.03,3.62,4,4.2,7,34.3,1
57634.8,24,2.32,4.39,7,2.2,24,26.1,0
66943.79,31,3.02,2.15,5,3.8,31,18.8,0
76355.75,18,2.55,3.93,3,6.9,8,37.0,0
64514.39,20,4.15,3.37,5,4.1,20,41.9,0
50082.48,44,3.27,2.45,5,5.1,22,26.8,0
64707.73,16,2.66,2.74,3,3.2,16,24.2,0
91991.61,37,2.05,4.6,6,6.3,10,48.4,1
39711.41,25,2.83,3.94,3,11.5,2,81.5,0
63144.93,22,4.19,4.06,5,0.3,22,40.4,0
45249.72,82,3.29,4.17,11,0.6,1,89.9,0
96569.54,13,3.06,2.55,2,5.8,6,48.7,0
32556.27,72,4.56,3.67,4,2.4,12,26.9,0
47878.95,51,2.87,4.27,8,1.7,51,18.9,0
69625.4,21,2.55,3.22,7,1.0,11,29.7,1
111995.01,52,3.52,4.45,3,4.3,7,49.3,0
58319.97,2,3.54,3.07,8,2.1,2,12.4,0
47950.29,19,2.73,3.59,6,3.5,17,21.1,0
127066.12,17,2.56,3.78,4,15.9,14,28.8,0
33550.08,40,4.36,4.03,3,7.1,11,26.7,0
24846.64,47,2.85,3.3,9,7.9,38,21.1,1
71396.62,39,2.04,4.21,7,0.7,21,40.2,0
48980.54,34,3.35,3.8,4,2.0,13,15.4,1
39795.41,54,3.92,2.35,5,0.6,9,69.0,0
79486.51,49,3.05,4.79,5,17.3,1,37.9,0
66007.28,20,3.63,2.83,0,5.7,10,88.1,0
47780.29,22,2.36,4.84,2,0.1,19,43.8,0
35877.95,48,3.7,3.39,5,3.2,14,53.2,0
84879.08,31,2.44,3.26,2,1.5,3,37.7,1
77658.82,32,3.44,3.78,7,3.9,26,51.4,0
57545.41,34,3.81,3.01,5,1.0,12,52.5,0
125323.64,8,3.28,2.18,7,0.3,8,55.0,0
39025.33,20,2.21,3.42,7,2.0,20,22.1,0
32525.83,42,2.25,3.76,5,1.8,4,21.5,0
45398.61,20,4.47,4.58,5,6.3,11,51.8,1
58792.27,27,2.59,2.67,4,3.2,17,16.8,1
65995.1,42,3.81,3.91,5,1.7,7,27.8,0
54366.62,55,3.29,3.43,6,4.2,34,3.3,0
68928.3,59,2.4,3.52,7,0.4,7,21.8,1
36293.15,61,2.77,4.18,4,5.4,2,8.9,0
106671.13,29,4.56,3.14,6,0.8,23,19.0,0
57938.62,27,5.0,3.62,13,1.6,27,31.1,0
93612.42,14,2.95,4.26,4,1.7,14,16.9,0
68671.54,70,2.89,4.22,3,3.1,18,19.6,0
71876.26,26,1.89,2.65,7,15.3,15,81.9,1
75200.03,69,1.88,3.07,3,2.0,12,65.2,1
71616.69,37,2.51,3.4,6,1.7,15,63.3,1
77426.87,57,2.84,4.07,5,0.9,12,43.7,0
101891.22,30,3.18,3.32,7,2.5,6,29.4,0
64770.69,44,3.75,3.56,4,1.0,5,48.9,0
79507.09,58,3.38,4.38,8,0.7,45,25.1,1
57763.12,23,3.77,3.26,9,9.7,10,53.2,0
106515.62,61,2.71,4.53,8,0.3,15,18.0,1
45681.24,15,3.14,2.38,6,6.2,15,20.7,1
123053.71,81,2.91,3.23,5,1.1,10,23.0,1
58920.06,34,2.19,2.54,3,0.1,7,15.9,0
33782.22,20,1.62,3.58,4,7.9,20,56.9,0
63022.16,50,2.66,4.03,4,6.1,32,41.0,0
45596.19,38,1.22,3.39,6,2.0,3,19.9,1
83805.79,8,2.29,3.17,5,0.4,8,87.4,0
46117.62,24,3.64,2.55,3,2.2,11,12.1,0
50087.49,16,3.34,4.68,6,1.0,13,36.9,0
28118.52,17,3.22,3.48,5,13.5,8,33.8,0
49964.97,16,4.14,3.18,8,3.8,6,40.5,0
22707.45,43,2.62,4.59,3,16.6,25,15.2,1
31775.12,52,3.75,3.25,5,2.2,8,38.7,0
81159.03,19,2.55,2.86,2,4.1,19,44.8,0
81987.34,7,3.42,3.0,4,1.1,7,18.0,0
70982.1,4,3.32,2.9,6,8.3,2,20.6,0
40668.52,91,3.37,2.75,4,0.2,13,17.4,0
58742.31,35,2.89,3.01,6,5.9,21,24.8,1
59787.92,50,3.46,5.0,1,2.5,1,25.4,0
37671.31,28,3.52,2.7,8,4.3,28,26.2,0
109246.2,5,2.06,2.46,4,4.5,5,66.1,0
85045.77,40,3.88,3.69,4,6.2,3,11.4,0
54809.25,76,2.21,3.45,7,1.1,4,4.9,0
60521.52,21,2.5,3.96,4,3.8,10,21.4,0
65078.73,5,3.39,3.11,4,2.8,5,6.2,0
26457.79,14,3.68,2.89,5,1.7,14,26.1,0
54237.57,52,3.38,4.67,4,3.4,20,53.9,0
45579.18,38,3.46,2.37,6,15.2,13,12.6,1
40108.84,61,2.29,3.75,6,14.9,3,13.4,1
53506.58,32,2.78,3.98,5,1.6,29,30.1,0
122893.65,47,1.56,4.08,2,10.8,27,64.1,0
77368.67,24,2.46,3.29,6,10.5,17,34.0,0
47644.78,14,2.13,2.63,6,1.4,14,63.7,0
75284.77,47,3.21,4.55,5,4.6,5,19.7,0
104792.99,52,5.0,3.19,2,10.2,42,59.3,0
86669.17,21,3.81,4.57,5,3.6,21,22.7,0
61319.44,72,1.4,3.76,8,2.3,33,24.2,1
46222.65,73,1.99,3.16,5,5.3,10,21.7,0
79164.98,16,2.16,3.78,4,0.9,16,39.3,1
70080.1,17,1.8,4.31,6,0.9,3,14.1,0
85654.52,17,2.97,3.56,5,8.9,17,28.9,1
77193.36,29,3.38,2.98,4,0.2,29,87.4,1
91109.84,25,2.17,2.25,4,8.1,10,25.1,1
48334.74,12,3.02,3.2,5,1.7,12,28.3,0
101413.11,18,3.38,4.07,4,3.3,18,58.5,1
64798.64,5,3.76,2.79,2,3.9,5,28.2,0
137324.82,6,3.32,3.98,4,7.3,6,46.6,0
45448.04,10,3.46,3.52,5,10.8,10,7.6,1
119896.66,89,3.17,4.02,3,8.2,26,34.1,0
64806.7,83,2.39,1.86,1,4.2,18,41.6,0
46139.87,49,2.56,2.51,7,2.1,3,37.2,1
49337.79,21,2.14,3.18,5,3.7,5,23.2,0
52673.15,10,4.4,4.81,4,0.2,10,21.3,0
70945.44,31,2.02,2.97,2,1.4,9,32.8,0
73801.49,41,3.96,3.41,8,2.3,30,49.9,1
47596.76,19,2.03,5.0,5,1.9,10,21.1,1
59293.69,40,3.81,3.8,5,0.5,1,24.0,0
141055.42,14,3.98,4.1,5,0.3,2,32.1,0
119493.5,21,4.12,3.05,7,2.7,6,40.9,0
71291.29,27,2.37,4.33,5,0.4,6,13.0,0
60791.27,84,3.33,4.43,3,1.7,13,10.1,0
62818.98,18,2.72,3.85,8,3.2,5,37.0,1
76527.63,41,2.49,3.44,5,1.2,41,26.6,0
39770.59,16,3.24,3.89,4,0.4,16,31.4,0
54016.75,14,3.85,2.36,11,2.8,7,5.1,0
30716.84,19,2.72,4.26,2,3.0,16,30.9,0
70241.13,32,3.46,2.91,2,12.4,27,47.3,0
77565.53,77,2.47,3.3,7,0.7,46,18.9,0
49351.6,21,2.37,4.42,2,4.8,15,32.3,0
112374.77,53,2.94,4.27,5,1.9,17,43.5,0
36669.25,86,2.99,2.37,4,0.7,14,81.3,0
33331.23,37,3.73,2.84,4,2.5,37,21.7,0
65498.38,58,2.2,3.95,5,2.8,20,26.1,1
91020.44,18,4.93,2.28,4,2.3,17,29.7,0
117426.87,40,1.77,4.49,5,7.3,20,28.1,1
49833.68,46,3.38,3.58,2,9.1,8,26.3,1
92177.59,12,2.97,4.49,3,0.8,12,10.9,0
58958.94,17,2.68,2.98,4,0.9,16,30.6,0
55879.29,26,3.06,3.04,3,2.7,26,30.6,0
85260.28,19,3.74,4.22,5,1.9,15,8.3,0
77724.76,28,3.86,3.29,7,8.6,9,10.5,0
31870.72,10,3.03,2.63,3,28.7,10,6.1,1
108078.83,82,3.47,3.89,7,1.0,11,47.9,0
103988.6,56,2.14,2.39,5,7.2,5,56.4,0
46619.53,162,3.05,4.51,3,4.7,23,39.7,1
70145.11,13,3.52,3.63,5,5.2,13,59.9,0
72956.02,41,1.37,2.88,4,1.5,20,21.5,1
66454.28,19,3.26,4.3,3,0.5,19,7.9,1
48044.26,14,3.07,4.31,4,3.9,14,51.4,0
45768.47,54,4.22,3.5,3,4.8,0,19.7,0
59265.25,33,3.33,5.0,8,16.5,4,15.2,1
95711.3,25,3.58,5.0,4,5.6,3,59.5,0
74417.03,37,2.98,3.73,2,2.9,37,23.8,0
51624.64,17,3.71,4.25,4,25.6,9,55.9,1
81526.18,17,3.65,4.42,6,2.3,3,61.9,0
19160.06,20,2.15,2.71,1,0.9,4,19.1,0
94798.25,60,3.45,3.7,5,4.8,13,42.7,0
29855.21,57,4.15,3.02,7,1.5,21,44.5,0
51793.69,12,3.99,2.92,3,12.8,12,53.0,0
38258.92,80,3.22,3.59,2,2.8,19,24.1,0
35672.22,31,3.46,3.64,5,0.8,7,11.2,0
95256.71,41,3.93,2.37,5,0.8,14,10.6,0
49658.24,19,2.29,3.74,9,5.2,19,31.4,0
68775.41,32,3.58,3.32,2,2.3,32,22.1,0
58760.89,14,1.62,4.48,6,2.3,14,44.3,1
72461.91,18,3.89,4.31,5,4.7,18,38.3,0
61742.56,51,2.89,2.9,3,1.3,12,7.6,0
35839.4,52,3.13,4.42,4,0.8,4,65.8,1
89188.44,42,2.76,3.88,5,5.4,21,34.6,1
49143.38,24,3.17,3.35,5,0.0,19,19.5,0
32124.27,12,3.4,3.14,7,11.9,12,44.9,0
50450.8,64,3.8,2.7,2,1.0,22,19.1,0
109130.96,54,4.24,2.65,6,3.0,44,40.4,0
84127.49,7,3.24,2.22,7,1.2,7,9.4,1
52080.15,53,1.87,3.51,8,1.2,17,22.1,0
52067.54,25,4.24,2.06,2,9.0,22,49.7,1
52646.02,47,2.02,2.89,9,4.4,10,38.9,1
137406.53,11,2.86,3.96,1,1.9,11,19.1,0
69757.08,20,2.81,4.55,9,1.4,20,31.4,0
71112.38,33,3.21,2.7,3,1.2,11,22.4,0
90410.29,82,2.19,3.93,3,4.0,24,46.6,0
65875.09,33,2.15,3.28,5,6.6,23,34.6,0
53980.77,59,3.18,3.14,6,1.5,14,12.5,0
55351.56,36,2.56,3.61,8,2.0,30,50.1,1
58183.64,35,4.28,3.04,6,6.4,15,70.5,0
58989.29,43,2.76,3.44,5,6.7,8,25.0,0
80101.66,30,2.38,3.55,6,1.2,20,19.1,1
61131.24,51,4.54,4.31,4,2.4,51,10.9,0
80262.36,15,3.58,4.46,3,10.2,15,22.5,0
57971.88,31,5.0,3.08,5,6.7,6,4.2,0
61787.36,85,1.66,3.31,6,0.9,3,48.7,1
26922.56,60,3.37,4.06,6,2.4,24,42.3,0
86381.7,38,3.59,3.37,7,18.1,30,14.2,0
68774.99,55,3.22,4.0,4,3.7,51,14.8,0
89250.66,73,2.91,4.13,5,6.4,17,40.3,0
18797.85,6,4.2,4.21,8,0.5,6,5.6,0
138047.05,26,3.57,3.56,2,8.9,6,10.7,0
56622.64,20,1.85,2.69,10,4.6,13,70.2,0
93271.8,11,2.5,3.38,6,1.0,11,6.2,0
39499.28,92,2.27,3.14,5,2.4,34,39.5,0
76504.86,44,3.1,4.04,5,0.4,13,21.5,0
39286.4,54,3.96,4.57,5,7.5,9,26.5,0
46653.0,21,2.9,4.59,1,6.8,21,35.0,0
128748.03,26,3.0,4.12,3,3.4,16,8.1,0
55477.18,31,2.42,2.85,8,3.0,18,36.6,1
65314.75,40,3.81,4.48,3,3.1,4,12.5,0
84797.99,49,4.19,3.8,5,0.2,10,20.4,0
73004.24,8,3.17,2.92,4,2.3,8,52.0,0
63587.21,48,4.46,4.1,2,0.7,25,49.9,0
69285.05,27,2.76,3.35,10,1.0,27,8.7,0
156586.87,74,2.08,2.14,3,16.4,19,19.4,0
58509.97,66,3.84,2.81,7,1.5,11,11.5,1
64889.4,38,3.12,3.45,10,3.3,14,37.4,0
91150.0,32,2.74,3.43,3,10.9,8,101.6,0
93172.73,26,3.26,2.75,2,2.7,13,62.9,0
96260.38,40,1.93,4.03,3,3.8,16,33.0,1
77303.31,64,1.8,3.86,5,0.9,18,29.2,1
37903.47,33,3.27,2.49,9,1.7,13,20.4,1
115078.83,22,3.55,5.0,3,3.5,9,12.8,0
37852.86,32,4.32,2.65,5,2.3,17,26.6,0
67579.11,38,3.91,3.18,4,0.2,26,27.4,0
44280.06,14,3.71,3.76,5,2.6,6,55.9,1
58357.59,12,4.22,3.18,7,8.4,12,14.0,0
68289.07,22,3.59,4.52,7,0.6,22,29.6,0
68087.09,74,2.92,3.38,4,0.1,33,39.2,0
70881.75,62,3.93,2.85,8,0.6,62,31.8,0
114174.64,10,3.9,3.93,7,5.8,7,17.8,0
71783.77,16,3.19,1.47,6,7.9,4,54.9,1
54303.14,49,2.24,3.87,9,0.2,7,64.9,0
88047.78,24,1.77,4.4,7,10.9,6,32.8,1
96354.39,41,3.87,1.89,3,4.9,14,41.5,0
36642.24,10,3.58,3.22,2,3.7,10,14.0,0
76035.84,32,3.7,2.35,5,1.5,32,21.6,0
79258.43,30,3.9,3.51,11,2.3,14,35.2,0
53155.38,54,2.48,5.0,1,14.7,6,50.9,0
103806.38,40,1.7,3.66,5,12.1,26,45.9,1
56386.09,34,3.61,3.35,7,4.9,19,20.2,0
62958.47,8,4.16,1.52,8,4.3,8,24.9,0
55869.35,87,3.48,2.73,3,1.2,14,34.0,0
60248.42,47,2.01,3.41,9,15.3,35,88.7,0
38618.63,19,3.39,3.57,7,7.0,19,40.1,1
33657.11,34,2.3,3.74,3,2.4,34,24.8,1
113300.86,25,1.97,4.04,10,8.5,23,25.0,1
42668.47,28,3.19,2.87,6,1.2,7,33.7,0
40273.26,61,3.33,3.53,4,1.2,19,35.8,1
25302.13,16,3.12,3.15,1,7.8,15,22.7,0
46370.34,48,3.55,2.84,8,4.1,9,38.7,0
35269.16,63,2.57,2.89,5,4.1,6,35.9,0
115474.62,44,3.27,3.88,7,4.3,17,6.9,0
89673.16,29,2.81,1.71,3,0.7,23,26.7,1
45466.9,19,3.0,2.2,5,2.2,19,78.4,0
147410.18,20,3.41,5.0,3,4.3,16,12.2,0
88672.6,34,4.05,3.03,5,1.4,7,7.4,0
52578.76,33,3.43,4.53,6,3.5,33,13.4,0
22031.7,52,3.7,3.45,8,4.1,16,40.6,0
149698.27,11,3.21,3.11,3,14.3,11,15.1,1
34343.6,61,3.59,3.96,4,1.4,5,25.3,0
31003.04,119,4.03,3.56,6,2.9,24,7.2,0
90131.79,30,4.7,3.37,4,20.0,30,14.3,0
158879.44,27,4.17,3.47,5,1.0,0,19.9,0
104162.67,29,3.16,3.78,11,7.6,29,22.7,0
75024.02,34,4.12,3.02,2,1.0,34,30.7,0
75955.41,26,3.64,3.16,11,9.5,12,18.6,0
84235.04,7,2.71,2.82,7,3.3,5,37.8,0
81110.8,29,3.65,2.65,7,17.9,6,66.8,0
67001.92,35,2.3,4.8,6,0.9,9,14.0,0
62422.46,65,3.65,2.87,5,5.8,9,26.6,0
58393.67,16,4.6,4.2,5,5.9,16,79.3,0
44285.57,80,3.86,3.25,4,6.3,20,12.4,0
53515.68,25,4.16,3.88,5,0.5,10,47.6,0
30418.84,18,2.9,3.5,3,1.7,18,35.4,0
57564.66,47,3.58,2.25,3,2.1,40,12.8,0
40318.41,23,3.76,3.52,4,2.0,19,35.5,0
38505.8,31,2.96,3.92,5,5.6,31,33.9,1
64341.34,32,3.75,2.83,3,0.3,32,73.4,0
104485.22,45,3.56,5.0,7,6.5,18,40.4,0
86450.45,30,3.76,4.07,3,3.7,17,29.2,0
31945.92,28,2.38,4.07,8,0.9,7,53.6,0
40301.69,24,4.22,4.15,8,1.3,1,68.0,0
87230.43,43,3.56,1.87,6,0.5,5,22.3,0
40416.97,22,3.11,3.99,7,3.1,16,26.5,0
54728.88,66,3.12,5.0,7,4.5,1,98.7,0
74609.33,32,3.17,4.03,6,4.3,7,25.3,0
40646.26,9,2.54,3.32,5,16.4,9,59.5,0
62451.79,38,4.15,2.72,8,1.8,20,5.0,1
35115.22,42,3.97,2.65,4,7.2,32,38.9,0
47072.91,66,4.02,2.57,5,6.4,8,48.5,0
68044.2,19,4.41,3.22,4,0.3,19,28.9,0
31659.78,17,3.35,2.75,6,13.3,7,18.8,1
71409.76,46,1.88,3.39,4,13.4,46,47.4,1
59405.67,60,3.7,3.64,1,2.5,26,15.9,1
74682.12,19,3.67,2.3,6,2.7,19,23.0,1
65484.3,37,4.44,2.96,7,8.6,8,57.8,0
103327.22,30,4.07,3.09,7,3.4,7,17.9,1
62949.61,19,3.31,3.07,8,8.0,9,76.8,0
50424.77,29,3.08,3.51,6,0.2,22,14.8,0
62875.95,58,4.0,3.59,8,1.4,58,35.2,0
74408.03,32,1.08,3.2,10,0.5,14,62.1,1
61055.83,28,3.39,3.03,1,3.0,13,7.0,0
60854.23,45,3.96,3.49,4,9.6,31,19.3,0
45215.87,61,3.1,4.51,5,4.2,12,33.7,0
45928.43,16,2.89,2.48,6,3.7,11,13.5,0
34165.03,38,3.44,4.29,5,2.3,38,36.4,1
120551.3,25,4.28,2.36,8,0.3,5,19.7,0
36404.76,32,3.56,3.75,4,7.3,12,22.2,0
45380.51,47,2.66,4.23,3,4.2,3,31.8,0
44919.94,26,4.17,2.57,4,13.4,23,31.8,0
85645.31,30,4.33,3.75,6,2.8,17,15.6,0
53210.98,55,2.55,2.77,2,2.6,38,16.8,1
98626.65,41,5.0,4.32,5,18.3,10,42.8,0
45734.3,29,3.2,2.38,6,0.8,14,19.3,0
66943.06,34,3.96,2.88,2,1.5,12,40.2,0
42867.15,33,3.78,3.59,9,3.3,33,42.3,0
141217.94,8,2.64,4.0,3,3.7,8,18.3,0
37233.37,35,2.84,3.56,4,4.0,21,52.2,1
67773.62,13,3.25,3.85,7,1.2,13,7.7,0
77150.3,60,1.7,3.12,3,13.1,11,45.7,1
70651.85,12,3.86,2.74,2,6.1,12,34.8,0
55597.02,24,1.68,4.53,4,1.5,24,23.2,0
56844.33,21,3.21,3.85,3,1.7,18,107.2,1
60932.66,73,2.66,3.16,4,10.6,40,71.0,0
56455.0,58,3.66,2.34,5,2.4,21,35.0,0
88040.45,4,1.44,4.36,4,4.1,4,46.0,0
144959.43,31,1.87,4.39,7,0.6,13,19.4,0
47906.35,14,2.72,3.35,6,1.4,14,21.5,0
34616.26,35,3.62,3.04,3,2.7,23,20.9,0
57796.71,46,3.38,3.32,10,5.3,16,9.0,0
168027.63,37,4.04,3.35,2,1.6,37,11.3,0
43413.69,48,3.29,4.04,5,15.1,11,13.6,1
115340.83,27,3.19,2.7,2,1.2,6,20.7,0
117134.76,37,2.34,3.09,3,7.5,8,13.2,1
47981.21,47,3.02,3.37,3,2.3,15,24.2,0
75176.45,24,3.18,3.68,3,9.0,23,31.9,0
114847.29,18,1.56,4.11,5,12.8,17,70.9,0
51449.13,20,2.49,3.72,4,1.0,5,16.4,1
55191.7,29,3.57,4.73,4,3.4,15,37.1,0
47445.06,32,3.34,2.81,3,0.8,28,42.0,0
39898.63,39,3.0,4.52,3,6.1,33,18.4,0
46179.4,19,2.71,2.83,3,8.9,4,35.9,0
36696.03,48,1.81,3.22,9,2.5,9,39.4,1
60696.02,82,1.46,3.77,2,2.5,10,64.7,0
44002.9,21,2.95,4.32,5,1.1,21,37.2,1
65743.39,108,4.39,3.22,4,1.8,43,47.6,0
32133.09,88,3.23,3.77,2,2.0,15,28.1,1
68346.94,32,4.02,3.28,2,0.8,13,46.3,0
83567.64,29,2.26,1.89,7,1.9,29,34.2,0
26970.68,20,3.43,3.47,9,11.9,20,57.1,0
69537.58,52,2.64,2.63,7,2.0,7,27.8,1
97837.93,33,2.61,4.39,2,1.6,33,38.2,0
36906.52,35,3.8,4.39,3,2.4,11,45.9,1
116894.72,18,3.1,2.91,4,16.1,5,12.4,0
70799.53,53,2.09,2.81,7,7.2,12,11.2,1
45161.28,27,3.28,3.06,7,1.1,16,16.4,0
58553.28,15,2.63,3.87,5,7.0,15,16.3,1
74856.69,30,2.04,3.88,2,7.3,30,13.8,1
61722.4,19,2.4,5.0,5,15.0,19,27.9,1
74272.97,66,4.84,3.28,5,11.1,11,61.2,0
41428.76,88,4.17,3.56,5,0.5,9,57.6,0
64070.82,31,1.59,4.85,5,3.0,11,50.1,0
34013.55,58,3.05,3.7,8,6.1,39,46.0,0
57268.7,57,3.11,2.74,3,18.1,13,11.0,1
41707.53,2,2.99,3.74,5,0.4,2,52.4,1
44613.33,21,2.67,3.99,2,2.3,4,24.9,1
98168.17,34,3.8,3.26,6,3.4,33,35.7,1
92644.42,24,3.95,4.06,4,2.7,23,45.5,0
76393.68,19,4.04,3.99,11,3.0,19,39.5,0
38679.88,59,3.46,3.18,8,2.3,8,36.0,1
52756.2,23,3.69,4.59,4,17.6,23,39.0,1
97269.34,39,2.92,2.95,4,8.1,5,8.4,0
63366.26,56,1.94,3.81,5,6.7,18,36.4,0
151407.75,69,1.92,3.08,5,2.6,15,17.2,0
70075.4,15,2.52,2.31,4,10.7,3,36.1,1
64654.93,16,3.04,3.75,8,0.5,16,32.5,0
52910.31,36,2.17,4.85,7,0.8,4,26.2,0
63159.36,7,2.3,3.46,7,15.4,3,41.2,0
56331.66,17,2.9,2.45,2,4.2,4,73.6,0
79478.63,63,3.89,3.66,6,0.9,32,21.5,0
87788.07,46,3.47,2.93,7,14.9,23,21.2,0
43721.89,29,2.51,4.24,3,18.4,4,29.9,1
35154.46,42,3.24,3.34,5,10.7,18,7.5,1
28724.85,47,2.14,2.26,3,1.4,17,25.8,1
73364.58,11,2.51,3.86,5,1.6,11,33.3,0
38509.23,23,1.87,3.65,5,2.6,14,41.1,0
25307.19,67,3.54,3.29,6,4.3,33,23.4,0
69942.69,36,2.97,2.77,2,24.3,15,41.6,1
162299.68,38,3.07,4.75,9,15.6,9,19.9,0
59728.92,31,3.84,3.18,9,12.7,8,27.0,1
83733.66,8,2.4,4.13,4,0.5,3,46.1,1
61866.35,21,3.57,3.18,4,7.1,6,71.8,0
57552.0,40,4.79,3.98,2,10.5,6,63.4,0
86476.73,23,2.41,3.54,3,2.0,9,44.4,0
53310.58,15,1.95,3.52,10,1.2,15,38.0,0
66633.11,17,2.19,2.92,9,6.9,17,12.4,1
68096.37,68,3.51,3.87,8,0.5,68,11.5,0
45833.19,23,4.6,4.48,6,14.1,9,53.6,0
89037.86,61,4.56,2.78,3,0.8,5,50.3,0
55827.18,38,3.88,2.92,6,3.1,2,5.3,1
44254.04,27,3.9,5.0,8,20.3,15,13.5,1
74206.27,19,3.57,2.8,5,22.2,19,19.1,0
41798.38,46,3.78,3.11,5,7.5,17,28.9,0
60552.89,56,3.44,4.47,2,9.1,11,23.1,0
59656.14,49,2.56,4.49,3,17.1,49,27.8,0
92443.99,12,4.57,1.8,8,13.1,12,37.0,0
72394.04,23,4.27,4.04,11,4.9,5,20.9,0
59277.74,24,2.58,3.36,4,6.6,22,17.2,0
83042.39,7,3.72,3.4,5,4.5,7,24.9,0
104410.24,41,4.37,4.32,4,3.5,15,46.0,0
74841.22,45,3.53,3.26,3,10.6,26,84.5,0
60122.6,44,3.04,3.14,3,6.7,36,14.0,0
35428.27,40,4.34,3.27,5,9.8,18,57.8,0
39103.0,26,3.4,3.26,4,0.5,20,23.5,0
52992.74,18,2.7,3.74,5,4.3,4,86.0,0
46919.8,26,2.28,4.43,5,2.0,5,19.9,0
55559.59,38,1.0,3.8,2,3.6,31,31.2,1
61246.38,64,4.78,3.49,1,4.7,4,63.7,0
74004.2,33,2.53,3.88,1,9.3,9,35.0,1
58209.3,32,3.97,4.05,1,0.2,13,27.9,0
72736.65,7,2.46,3.9,4,0.9,7,34.8,0
61438.37,40,3.33,3.03,7,12.7,7,24.6,1
27168.5,66,3.56,3.8,2,17.1,46,38.9,1
41120.66,29,2.21,2.02,2,0.3,29,45.9,0
56520.86,28,3.97,4.57,7,2.0,28,16.7,0
36905.73,25,3.04,4.57,1,0.0,0,26.4,0
76112.78,47,3.64,4.12,6,7.1,28,16.7,0
110448.03,7,4.36,4.37,7,5.7,7,13.3,0
97489.97,61,3.79,3.45,3,4.2,10,27.3,0
54974.4,27,3.12,2.97,5,5.9,15,31.7,1
108693.85,40,4.76,2.62,7,3.9,18,49.9,0
63542.67,49,3.16,4.21,6,1.4,9,32.0,0
52321.65,17,3.27,2.97,11,7.0,16,13.5,0
46846.84,31,3.07,3.24,4,7.6,19,90.4,0
53051.17,27,2.22,3.66,9,9.6,27,21.6,1
51263.24,14,2.13,3.47,9,15.4,11,29.7,0
64097.87,56,2.76,3.69,7,6.9,21,23.7,1
63846.02,26,2.39,2.23,5,0.3,23,11.5,0
59947.14,14,2.98,3.34,3,0.1,14,4.9,0
71308.82,32,3.86,4.08,4,6.7,6,35.8,0
96399.71,11,2.87,3.2,6,0.3,11,11.5,0
87537.42,23,3.38,2.9,4,1.9,9,28.4,0
33058.73,38,2.8,4.17,4,0.7,8,8.7,0
21556.48,10,5.0,3.2,7,17.4,10,74.1,0
87005.62,46,4.41,3.63,2,1.9,13,35.4,0
34656.78,33,3.0,3.35,2,0.3,22,22.3,1
54725.98,50,3.42,3.5,5,14.9,24,43.5,0
37494.7,49,2.13,4.57,5,4.7,39,38.2,1
29120.8,23,3.03,3.9,3,0.2,6,11.7,1
74353.43,23,2.72,2.64,4,9.0,23,42.0,0
81118.15,42,3.79,3.24,6,0.8,32,69.1,0
47543.29,15,2.46,3.21,4,8.1,11,21.2,0
21238.76,15,4.53,3.65,1,4.6,15,55.1,0
48122.36,21,3.15,4.14,2,1.0,4,19.9,1
70032.98,12,2.5,3.52,3,7.0,12,38.6,0
33137.98,13,3.23,3.5,9,3.0,13,50.0,0
64430.6,14,3.79,1.94,3,5.1,13,6.0,1
59508.6,26,3.62,4.43,5,10.2,19,27.6,0
75487.07,25,3.33,3.38,3,1.5,4,36.2,0
62807.65,54,3.9,3.68,2,2.3,9,19.7,0
40569.52,26,3.85,3.68,5,29.5,26,30.1,1
96628.46,30,3.86,2.96,6,3.5,6,13.1,0
56195.29,79,2.98,3.33,4,4.1,15,33.0,0
59223.77,5,2.97,2.96,9,1.7,5,27.3,0
41220.58,35,3.03,4.47,10,2.7,10,19.4,1
50145.65,27,2.8,1.94,5,3.5,18,18.6,0
42027.48,38,3.28,2.83,5,1.5,38,17.5,0
55872.16,22,3.2,3.27,3,1.4,22,30.5,0
118739.04,26,4.52,4.55,6,4.6,5,25.1,0
34587.22,62,2.8,4.0,6,1.0,49,60.9,0
31400.39,41,2.41,2.35,3,4.0,38,46.2,0
107846.92,27,3.72,3.42,5,6.1,4,55.6,0
55065.05,19,3.26,4.0,7,1.1,19,45.9,0
45815.19,15,2.65,5.0,6,6.8,15,20.1,1
90758.91,23,3.83,3.26,7,2.2,2,19.0,1
46992.99,28,2.98,2.67,3,24.5,6,15.6,1
124293.86,79,4.42,3.73,7,19.3,36,49.9,0
78524.84,34,2.44,3.47,5,8.0,5,14.9,0
49258.41,20,2.74,3.82,8,2.1,20,19.8,0
141906.45,5,3.3,3.98,8,13.8,5,41.3,1
46991.12,18,4.29,3.72,7,33.5,12,36.3,1
80566.5,23,2.63,3.87,6,3.1,23,10.7,0
67488.81,36,3.5,4.64,6,4.8,19,25.3,0
100780.13,23,2.27,3.3,6,0.0,23,20.1,0
111815.39,81,3.93,2.64,12,0.2,19,21.7,0
60645.56,27,2.68,3.72,5,3.5,21,21.9,0
44295.26,55,3.7,2.6,7,4.7,52,38.7,0
71968.86,9,3.74,2.71,4,1.9,9,22.0,1
45657.07,30,1.75,2.92,6,0.5,2,33.7,0
133967.82,18,3.37,2.62,6,7.6,18,38.2,0
63235.06,56,2.8,4.32,6,2.7,11,14.8,1
51734.05,24,3.6,3.53,2,5.2,24,54.5,0
64464.64,63,2.5,3.99,4,5.3,17,38.3,0
34931.68,45,2.73,3.86,4,4.0,16,37.8,0
40593.14,22,4.16,3.35,2,1.0,11,73.7,1
96777.09,15,4.1,4.17,6,4.8,12,68.1,0
46038.91,19,2.4,3.16,6,1.9,19,31.2,1
39388.75,26,4.64,3.38,2,8.5,9,45.2,0
74210.51,45,1.13,3.0,5,1.1,10,54.7,0
96209.33,31,3.37,4.48,4,1.7,2,22.4,0
79824.15,50,2.17,3.43,4,2.9,6,47.4,1
89180.62,66,3.5,3.92,5,6.7,28,54.8,0
44235.46,32,2.99,3.09,8,6.4,29,11.5,1
33903.57,16,2.39,4.09,5,2.1,1,26.9,0
109156.01,39,2.61,4.04,5,3.6,8,32.2,0
52624.03,86,2.57,2.36,6,1.3,26,29.8,0
54158.31,51,3.26,3.5,4,7.4,3,58.9,0
101852.16,37,3.98,3.58,8,1.1,9,34.5,1
74793.93,17,4.77,3.29,4,8.6,17,18.9,0
71851.38,27,3.06,4.47,3,13.8,3,26.2,1
142343.86,10,3.44,2.65,9,23.9,10,29.5,0
46285.9,14,4.15,3.19,6,9.7,6,54.0,0
86780.4,39,2.84,2.91,1,1.3,20,8.1,0
61255.28,8,2.57,4.22,6,2.7,8,26.1,0
66665.1,25,4.76,2.78,6,0.5,25,35.2,0
110347.24,13,3.06,2.22,2,0.9,3,38.0,0
73360.01,15,3.37,3.8,6,0.3,15,22.2,0
74259.31,32,1.92,3.4,6,5.1,27,39.9,0
91950.25,19,2.78,4.23,3,3.8,19,8.4,0
51741.68,11,4.71,4.07,5,12.4,4,28.5,0
42800.97,22,3.57,3.47,3,3.1,11,42.2,1
39421.88,11,3.18,2.49,9,5.1,11,58.1,1
27267.68,61,4.31,2.66,6,2.6,46,46.6,0
136282.18,46,1.88,2.26,5,8.8,18,15.7,1
38511.67,46,2.87,3.4,9,13.0,6,21.8,0
54802.91,18,5.0,3.04,6,2.8,6,48.7,0
53598.41,40,3.16,3.37,5,0.4,7,25.2,0
67708.21,35,3.15,3.62,5,0.9,10,39.0,0
82975.02,19,4.14,4.83,4,6.4,17,55.6,0
84473.18,30,4.2,3.91,3,2.0,30,51.6,0
47418.56,10,2.16,3.55,5,7.7,10,26.7,0
56002.48,15,3.54,2.4,3,6.9,15,26.9,0
67039.14,29,4.6,3.52,7,5.9,29,28.3,0
54204.74,23,2.69,4.12,5,8.4,11,66.3,1
113884.29,38,2.9,3.77,4,7.1,25,43.4,0
72866.92,19,3.22,2.77,8,5.0,19,13.4,1
80334.23,25,3.76,3.24,3,0.0,13,26.4,0
78053.71,31,2.06,3.55,4,3.6,4,20.9,0
95739.82,18,1.0,3.21,3,4.5,18,59.9,0
64370.36,24,3.37,3.07,7,16.2,16,19.6,0
35641.54,35,4.13,2.0,3,5.3,27,11.4,1
70254.19,71,2.95,2.96,9,4.3,13,55.5,0
46141.0,18,2.71,3.68,3,3.9,16,26.6,1
48462.88,23,3.07,4.11,3,0.5,23,56.9,0
75700.92,51,4.48,3.55,3,2.8,48,35.5,1
98254.2,58,2.67,4.24,3,0.7,6,22.9,0
60385.76,42,3.66,3.45,6,0.3,8,62.1,0
67746.85,57,2.28,2.89,8,2.0,18,78.9,1
118288.99,18,2.32,3.17,0,5.2,18,87.5,1
65926.86,54,3.88,3.85,3,10.1,19,49.9,0
169511.02,47,4.51,3.31,7,8.3,20,14.9,0
75072.07,14,3.91,3.05,3,1.7,10,32.3,0
29604.89,25,1.56,2.41,7,0.2,10,17.4,1
80929.74,6,2.86,2.87,2,2.6,6,23.8,0
69735.4,33,3.39,3.22,6,1.9,26,48.8,0
100298.01,54,3.25,3.09,4,2.3,2,17.6,0
78375.96,22,1.66,2.82,5,4.1,4,20.9,0
56648.32,16,2.16,4.59,3,0.2,13,6.7,0
36690.78,15,2.56,3.92,6,2.3,15,38.3,0
55071.67,30,3.15,5.0,6,4.1,0,30.5,0
42607.77,42,1.65,2.38,7,2.8,20,21.1,0
47467.03,71,3.68,3.72,3,5.5,9,6.5,0
75768.0,5,3.13,3.2,2,1.0,5,20.5,0
116770.04,67,2.37,3.51,8,0.8,9,10.5,0
70113.36,34,3.35,4.8,2,1.8,12,24.1,0
37110.19,52,2.05,2.28,8,0.5,47,45.9,1
71527.77,46,3.16,3.1,4,1.3,14,28.3,0
96630.78,31,1.76,2.98,7,0.5,31,18.6,1
46914.72,31,1.88,3.1,4,2.6,21,32.5,1
56748.99,39,2.84,2.02,7,6.2,24,18.6,1
60226.95,26,2.63,4.4,3,1.7,26,30.5,0
43740.98,27,3.51,4.43,5,0.0,8,36.3,1
77599.18,43,3.19,3.91,6,4.1,27,14.0,0
57046.43,18,4.88,2.56,8,5.9,18,6.9,0
70814.07,55,2.99,3.69,7,2.5,23,43.3,0
41982.29,53,1.0,4.11,5,1.8,34,5.9,1
50262.61,23,1.57,3.77,9,3.4,5,35.3,1
79933.68,43,2.24,3.47,6,0.5,3,28.9,1
51578.84,40,5.0,4.49,9,5.2,30,38.0,0
119465.81,21,3.17,3.0,6,6.6,9,36.9,0
51028.8,45,4.09,3.38,9,6.1,3,58.7,0
65504.48,69,4.01,3.94,5,2.0,3,23.0,0
86945.46,56,2.19,3.72,8,9.2,50,14.9,0
33950.33,11,1.77,3.89,4,14.7,11,39.5,1
29604.35,41,3.71,3.87,5,1.8,21,30.5,1
32524.13,51,1.42,3.87,0,1.5,49,13.4,1
99213.92,20,3.98,3.24,2,6.1,19,24.4,0
48014.42,55,3.11,3.01,2,6.2,3,21.2,0
166588.12,19,3.69,3.6,2,3.6,12,63.7,1
47777.06,26,3.44,4.56,2,12.8,3,48.9,0
64461.31,19,3.49,3.48,2,0.8,19,19.4,0
110951.0,17,3.28,3.92,2,3.2,11,44.8,0
133577.51,38,3.43,3.58,11,0.2,38,10.4,0
136571.21,12,3.24,4.92,6,0.3,12,28.2,0
97085.42,27,2.1,3.4,3,0.3,7,59.5,0
90185.6,38,2.88,3.92,3,3.4,29,11.5,1
75887.77,19,4.94,3.0,5,4.4,5,34.7,0
81743.73,61,3.45,2.72,5,0.0,4,68.0,0
48027.34,28,4.11,3.5,2,5.0,21,92.3,0
43162.2,75,2.41,4.33,5,3.4,18,42.1,0
59793.38,11,2.4,3.94,7,1.3,6,23.7,1
55933.91,39,2.24,2.04,6,0.1,6,35.2,0
49946.55,35,2.13,4.01,3,0.8,23,43.3,0
79106.87,24,1.9,2.43,6,4.6,24,41.1,0
87739.03,32,3.39,4.09,1,5.4,18,19.5,1
62029.34,43,2.92,3.88,11,5.2,19,47.8,0
108121.63,48,3.9,3.4,4,0.8,19,26.0,0
37923.43,29,2.95,4.01,5,12.1,24,21.1,0
55411.16,40,1.28,3.32,4,2.6,9,47.4,0
44948.43,18,3.55,3.6,1,7.3,18,39.1,1
28378.45,48,1.58,2.49,5,0.9,46,73.4,0
57926.35,67,3.37,3.32,6,3.2,19,22.7,0
57028.19,50,2.58,4.15,7,3.7,34,22.6,0
109686.32,19,3.39,2.57,6,7.4,19,31.8,0
77058.85,16,2.05,4.07,8,4.9,16,61.4,1
39748.42,102,3.82,2.09,4,2.5,41,79.0,0
125697.94,65,3.23,2.67,11,1.7,39,99.7,0
97578.6,48,2.92,3.28,7,18.1,37,15.1,1
75571.85,70,1.84,3.61,8,1.7,8,68.3,0
54688.37,31,4.65,3.1,6,0.7,31,105.6,0
40791.31,47,2.47,3.08,7,1.8,18,54.5,0
51591.76,60,3.41,4.28,2,2.0,29,8.3,0
92549.55,26,2.44,4.33,6,0.7,20,30.7,0
127240.53,41,5.0,3.2,3,6.2,41,36.6,0
111001.32,57,3.32,3.22,6,4.8,31,91.4,0
49239.93,15,2.71,3.3,6,1.9,15,26.6,0
38259.72,25,3.68,5.0,3,24.8,25,25.0,0
63345.21,56,3.8,3.51,9,5.3,20,44.9,0
29514.13,35,3.52,4.6,3,6.1,35,22.6,0
68136.42,33,2.94,4.01,6,4.1,7,97.0,0
56441.44,30,3.55,3.43,5,4.0,21,12.5,0
49691.31,59,3.08,3.05,2,0.1,29,57.4,0
31638.14,17,3.18,4.05,6,7.4,17,23.5,0
73529.36,23,2.57,2.95,6,12.1,23,35.0,0
48383.77,12,2.03,3.23,4,0.7,11,54.7,0
37497.64,26,3.65,3.96,8,7.9,4,34.2,0
18979.13,34,3.69,3.33,2,3.8,34,21.8,1
59218.78,7,4.24,3.22,6,1.7,7,73.0,0
121649.67,18,3.24,3.28,7,12.7,7,7.9,0
116366.93,35,3.03,3.02,4,0.1,13,14.1,0
49869.33,41,2.07,3.81,4,1.6,3,9.9,1
47057.01,79,3.17,3.53,7,10.9,8,33.2,0
72222.7,44,3.49,2.55,5,3.3,20,72.5,0
40160.77,28,1.74,3.16,1,4.6,28,12.0,1
67556.31,34,4.06,3.24,3,6.9,12,60.8,0
81343.17,35,2.63,3.24,5,0.8,9,23.0,0
97809.14,23,3.04,3.92,3,1.2,10,28.2,0
57522.9,36,3.68,3.01,4,33.0,12,86.3,1
55189.64,23,3.19,5.0,5,1.4,23,15.0,0
42142.29,37,4.32,4.47,4,3.9,37,52.5,0
43012.58,30,3.7,4.47,1,1.8,3,21.8,0
54688.48,27,3.08,2.78,9,9.5,9,40.5,0
69351.72,28,1.0,2.08,3,16.3,3,58.8,1
86286.97,48,4.0,3.26,10,0.8,8,39.8,0
43422.3,46,2.26,3.71,2,4.6,16,61.7,1
108779.2,26,3.88,3.39,2,8.3,4,28.3,0
53720.53,47,3.59,3.13,4,8.7,29,52.5,0
59364.58,30,3.04,2.28,7,2.9,7,43.1,0
44405.35,30,3.96,3.03,5,1.3,27,30.0,0
22704.17,24,3.62,3.33,2,2.4,10,67.7,0
85273.43,74,3.46,3.15,6,7.0,14,26.8,0
80397.44,70,1.83,3.15,6,25.4,25,33.7,1
53501.71,20,3.23,2.94,4,4.0,20,14.2,1
61500.24,26,2.21,4.66,4,1.1,11,43.7,1
73598.19,39,2.32,4.0,3,0.2,3,24.7,0
32047.73,43,2.91,4.17,1,14.4,43,21.5,0
48454.42,16,4.37,3.69,5,3.3,16,24.2,0
82265.4,17,3.49,2.57,4,6.3,9,20.8,0
36253.25,2,3.55,4.02,2,5.4,2,48.5,0
67334.17,43,3.82,4.44,2,11.1,20,36.7,1
34799.81,11,2.5,4.55,8,1.5,11,13.1,1
72155.01,20,1.94,3.94,6,2.9,5,43.2,0
59026.6,51,1.8,3.5,4,12.2,14,9.8,1
31380.67,50,3.38,3.5,4,4.4,5,48.5,0
95405.9,72,3.99,3.86,3,0.4,64,27.3,0
44630.08,85,3.93,2.35,3,1.1,40,59.1,0
43299.62,125,2.54,3.95,5,1.4,41,21.9,0
64875.65,25,4.28,3.16,4,25.4,2,15.1,0
94793.39,21,4.83,5.0,7,1.3,12,33.3,0
39881.64,40,3.69,3.29,7,10.2,5,45.8,0
61369.73,12,4.39,3.64,5,0.4,12,6.5,0
71077.53,27,3.9,3.6,5,1.0,1,21.1,0
79003.09,34,3.02,3.02,4,10.3,34,35.6,0
64252.55,42,2.67,3.82,3,11.5,13,11.6,0
51698.75,44,1.91,3.74,4,1.0,14,43.6,0
43000.37,27,2.84,4.22,2,1.3,15,32.3,0
61973.21,13,3.01,4.0,2,3.8,6,35.5,0
38993.27,15,3.03,3.63,6,0.3,15,76.6,1
18610.1,7,3.11,2.93,7,14.5,7,40.0,0
71298.03,22,1.37,2.95,2,2.2,21,21.0,1
85954.55,12,3.82,4.66,4,3.4,0,19.0,0
23267.83,23,3.92,3.56,7,0.6,23,25.8,0
39978.92,40,3.5,4.95,2,0.2,4,64.0,0
76700.36,14,2.26,2.93,6,3.2,4,27.8,0
136352.43,33,3.49,5.0,5,0.6,16,28.8,0
60374.22,26,3.22,2.84,9,5.0,19,40.5,1
44747.86,39,3.58,3.19,5,7.9,39,78.4,0
55650.23,44,4.44,3.81,3,0.2,19,65.0,1
103771.91,25,3.06,4.2,5,4.7,25,27.7,0
46240.64,32,3.35,3.97,2,8.5,23,15.1,0
43491.6,26,2.51,2.16,15,2.9,26,30.2,1
49360.34,23,3.94,3.1,8,16.1,23,42.6,0
40891.13,20,3.76,2.7,6,0.6,12,51.6,1
62885.33,42,3.37,2.53,4,2.0,9,30.5,0
114676.61,65,2.36,3.49,10,1.3,13,79.1,0
68134.01,60,2.65,2.02,3,27.9,47,36.8,1
54125.39,13,1.73,4.2,3,1.7,9,47.7,0
53277.83,64,2.64,4.02,6,2.5,16,48.4,0
32039.46,17,3.77,4.63,5,9.4,6,42.8,0
85241.52,34,3.52,2.75,6,13.3,11,79.3,1
58038.69,38,3.33,2.82,5,13.9,8,69.2,0
55704.04,10,4.39,4.24,6,4.1,10,26.6,0
214752.83,28,3.44,4.29,6,5.4,21,50.7,0
67474.24,66,2.74,4.44,8,2.1,21,41.8,0
44324.09,5,2.64,4.31,2,4.7,5,16.2,0
50486.28,106,3.01,3.65,5,1.8,3,11.4,1
94786.12,6,2.84,3.18,4,6.9,6,14.3,0
62649.32,37,3.96,4.01,2,1.8,32,99.1,0
33680.99,11,3.54,3.19,6,10.6,11,20.3,0
86482.0,41,2.94,3.57,7,0.8,12,31.9,0
45832.21,59,2.97,3.23,6,4.2,0,32.4,1
126667.28,50,3.76,3.69,9,3.7,44,69.5,0
92228.02,55,4.01,4.37,4,1.5,14,39.2,0
50064.69,26,1.73,3.26,5,0.1,7,40.4,0
99948.12,11,3.06,3.15,3,0.8,11,44.4,0
61521.51,66,3.27,3.43,0,17.2,11,33.4,0
84213.41,93,3.64,2.67,8,14.2,17,67.2,0
72685.2,33,3.29,3.96,5,0.6,11,59.0,0
42678.79,25,3.53,3.58,7,2.3,4,28.1,0
46285.32,19,3.01,3.48,7,3.1,19,30.3,0
90398.62,48,2.56,3.73,5,3.3,14,37.5,0
52370.04,56,3.83,2.47,2,1.8,36,14.0,0
50946.97,25,3.85,4.48,6,12.2,3,51.7,0
40861.8,74,3.72,3.14,3,12.0,24,62.6,1
70929.35,46,3.86,3.24,9,0.1,19,21.1,0
136627.01,33,2.42,4.11,2,5.2,33,85.8,0
39065.18,38,2.79,3.93,3,0.4,16,21.6,0
60457.01,16,4.1,4.9,11,4.6,16,15.9,0
105333.65,48,3.48,2.82,6,10.1,4,41.8,0
57996.82,17,3.24,2.84,1,5.2,0,67.9,0
71750.4,23,3.0,2.66,8,3.2,23,43.5,0
39145.57,30,4.21,3.59,8,15.8,30,28.1,0
71063.05,85,1.78,3.31,8,6.9,3,49.0,1
55555.75,36,3.44,3.01,3,1.4,6,25.8,0
88813.33,18,3.15,3.45,8,2.4,18,59.6,0
96274.08,38,2.2,2.78,7,7.1,38,9.6,0
168691.26,44,4.49,4.58,4,0.1,12,21.5,0
75497.38,62,1.05,3.01,6,0.3,17,11.9,1
68208.09,31,3.3,3.1,7,9.8,17,15.3,0
64715.35,20,3.62,1.83,2,0.2,16,39.4,0
51986.2,97,2.42,2.35,8,5.7,7,23.3,0
68555.13,38,3.42,3.09,14,1.9,19,64.1,1
53201.37,18,3.02,3.29,6,8.7,16,30.2,0
64047.76,31,3.99,4.0,2,9.4,9,50.8,0
101421.36,23,5.0,2.45,3,15.3,23,17.6,0
40029.94,64,3.47,3.82,5,0.5,4,41.4,0
94461.86,44,3.68,3.94,8,2.7,44,52.5,0
101401.79,26,2.42,3.97,5,4.3,23,23.3,0
57112.17,56,3.37,4.22,1,12.4,30,32.2,0
25623.32,29,2.9,2.69,4,1.5,6,28.7,1
46951.54,30,3.82,3.88,7,0.4,30,35.7,1
100588.96,19,2.06,4.74,12,1.1,13,23.7,1
59328.96,19,2.34,4.48,1,3.4,19,32.4,0
40146.04,94,4.14,4.82,6,5.7,18,32.5,0
48927.26,55,3.37,3.67,2,5.9,4,76.4,0
83805.01,8,4.26,3.09,1,0.4,3,32.9,0
74510.36,16,3.49,1.73,12,7.2,16,52.3,0
54416.74,14,3.61,2.63,5,5.4,1,44.7,0
51702.96,33,2.95,3.13,9,2.6,15,40.5,1
51189.86,24,3.05,3.26,3,4.2,24,22.5,0
41399.99,71,3.97,2.95,4,7.3,27,60.2,0
114250.68,26,3.09,3.74,3,1.5,10,26.4,0
52631.59,88,4.15,3.64,1,14.1,12,42.3,0
97427.46,30,3.11,3.53,4,0.7,30,21.5,0
110031.99,99,2.26,4.05,6,11.6,12,17.0,0
89261.39,28,2.18,3.17,5,6.8,15,54.2,0
50380.12,28,3.06,4.27,4,5.4,7,17.9,0
70367.87,54,3.93,2.66,6,0.4,23,19.7,0
59297.46,50,2.67,3.29,4,12.6,50,14.2,1
41710.96,12,3.79,3.72,2,1.8,12,40.8,0
68168.9,33,3.28,2.16,7,6.8,4,14.3,1
37361.05,24,3.68,3.15,3,10.8,5,64.8,0
96285.38,23,2.97,4.0,3,1.4,20,41.6,0
49719.53,33,3.35,3.2,4,12.3,9,16.7,0
64890.98,26,3.95,2.22,4,4.7,26,39.7,0
67058.13,35,3.19,2.88,5,5.4,13,15.3,0
53983.73,16,2.78,2.56,1,12.3,16,50.9,0
75710.91,10,1.75,3.85,1,3.7,10,34.2,0
49515.38,55,3.63,3.58,5,2.9,5,10.9,0
84839.7,60,2.58,2.41,2,5.0,10,12.4,1
34947.71,53,2.78,2.35,2,4.0,15,24.0,0
62978.7,32,2.34,2.99,7,0.3,32,54.5,0
130036.65,25,3.02,3.52,2,1.0,25,18.2,0
40129.52,21,4.88,3.03,5,0.1,5,26.0,0
45656.53,18,3.48,3.75,5,0.6,13,101.0,0
73538.41,30,2.68,3.72,6,6.5,20,25.4,0
64333.3,59,2.83,3.87,6,0.0,8,11.8,0
68889.02,20,2.05,2.51,3,1.8,10,63.3,0
72814.82,59,2.3,3.31,6,3.0,4,11.8,0
77179.46,11,2.17,4.25,9,13.9,11,44.5,0
93328.42,36,3.42,3.03,3,2.0,6,23.5,0
70539.45,41,3.56,2.93,4,7.6,3,61.0,0
54366.15,22,3.26,3.16,3,2.6,13,26.6,0
78356.91,15,3.5,3.14,4,0.5,15,29.2,0
128021.41,51,2.59,3.59,9,0.5,16,40.9,0
56780.4,32,2.28,3.09,3,2.8,17,23.6,1
40545.83,116,2.28,2.09,3,0.3,10,51.3,1
93230.69,60,2.24,4.33,4,4.2,10,24.9,0
57059.37,60,3.49,3.85,6,3.4,52,62.7,0
25107.76,4,4.81,3.6,3,6.1,4,39.3,0
84033.32,20,2.36,3.43,5,1.0,17,86.6,0
48332.95,14,2.93,3.27,2,4.5,7,23.7,0
57744.69,6,3.36,2.94,5,1.0,6,47.8,0
68377.02,31,2.98,2.19,4,6.4,31,27.0,1
64614.87,50,3.47,4.64,11,1.8,30,44.8,0
79521.34,16,2.74,3.51,5,4.8,13,16.6,0
50302.27,7,2.66,2.37,7,10.7,7,25.9,0
73514.82,17,3.05,2.78,5,3.3,9,48.9,0
53969.88,28,3.46,3.71,2,1.1,20,17.5,0
80460.7,27,4.23,3.7,6,10.9,18,46.4,0
76584.27,32,3.5,2.98,5,2.2,29,23.9,0
41184.8,40,3.0,2.75,2,6.6,10,34.5,1
92447.19,31,3.86,3.1,5,1.9,31,117.4,0
48320.67,52,4.0,2.15,4,1.8,4,32.3,0
82720.53,16,2.96,3.17,4,5.1,16,25.7,0
69349.55,26,3.08,3.17,5,0.8,26,21.7,0
124900.6,44,2.86,4.57,4,10.1,7,44.7,0
54754.43,37,3.86,3.18,6,2.5,23,25.0,0
52066.31,83,3.26,3.68,4,0.1,27,48.6,0
59410.85,17,2.08,4.62,6,1.8,17,30.1,1
53036.1,45,3.52,2.75,5,7.7,44,45.1,1
82452.43,21,4.39,3.06,3,9.8,21,29.3,0
31365.87,19,4.45,3.12,3,4.2,5,25.7,0
39282.21,58,2.82,2.33,6,1.7,19,23.3,0
39060.96,31,2.64,3.32,4,3.8,13,17.1,0
87563.81,37,4.72,4.31,5,9.1,31,28.6,0
118687.03,22,4.45,4.09,3,1.9,22,53.5,0
57424.15,23,3.57,4.33,6,2.4,17,49.3,0
55964.41,10,1.83,3.06,8,3.9,8,29.1,1
61575.59,35,2.71,2.71,1,10.9,11,19.8,1
95296.78,15,2.33,5.0,6,4.4,6,33.0,0
41318.22,29,4.65,3.65,5,1.2,22,53.9,0
65864.02,52,1.98,2.37,5,0.5,9,16.2,1
88439.95,8,4.64,5.0,6,0.5,8,35.3,0
73162.46,133,3.12,3.44,9,15.0,39,11.9,0
64591.15,19,2.24,1.44,6,8.6,19,44.5,0
89359.11,29,3.99,4.52,7,7.3,29,49.1,0
20306.72,37,3.7,1.88,3,3.4,6,30.9,0
78523.26,18,2.19,3.7,5,5.6,4,29.4,0
46090.85,23,3.18,4.09,4,0.7,23,73.9,0
28788.95,59,4.3,3.98,7,4.8,16,22.3,0
73458.88,49,2.87,4.59,2,8.3,12,38.2,0
103721.37,27,4.54,4.21,4,0.3,9,38.7,0
56671.15,31,2.6,4.8,8,1.8,9,9.9,0
87653.76,34,1.9,3.43,1,0.6,30,6.9,0
114109.22,44,3.24,3.21,4,1.5,10,59.7,0
101312.57,46,2.03,3.26,12,7.4,7,8.2,0
115379.94,45,3.3,4.46,4,2.0,22,31.3,0
80567.53,24,3.2,3.05,8,5.9,8,76.8,0
61708.28,34,2.59,4.09,6,7.4,12,104.3,0
31546.37,55,4.7,2.9,9,8.5,0,83.5,0
54261.76,97,3.2,2.91,7,10.3,34,17.0,1
42731.92,33,3.89,4.33,5,4.6,26,65.5,0
142682.49,22,3.94,3.81,4,1.6,22,14.5,0
55806.5,18,4.61,1.99,8,0.8,18,4.2,1
62898.77,45,2.23,2.9,2,3.5,13,7.7,0
74652.12,10,1.79,1.7,3,0.5,10,45.2,0
60927.56,45,4.58,3.24,2,12.1,29,62.0,0
117950.51,46,3.66,3.31,4,2.9,10,38.9,0
46673.89,23,3.3,3.17,9,10.3,23,104.3,0
64721.13,36,3.09,4.34,5,6.2,36,46.1,0
44489.65,27,2.95,3.79,4,9.7,11,66.2,0
35312.45,12,3.89,5.0,5,10.8,12,75.0,0
46877.47,43,2.04,3.87,6,0.3,18,47.0,0
58993.66,41,3.58,3.89,4,6.5,27,26.1,0
50426.85,24,4.03,3.69,6,1.3,22,19.1,0
45389.3,96,3.79,3.31,6,22.7,39,20.4,0
34114.34,32,3.14,3.05,7,7.5,24,45.9,0
57916.51,7,3.2,3.34,7,0.0,7,23.0,1
32797.64,57,4.23,3.37,3,13.1,29,16.1,0
81147.39,50,3.67,3.43,5,1.7,11,90.9,0
61881.46,53,4.6,3.95,3,2.7,33,15.8,0
33422.33,16,1.81,3.71,5,4.7,16,30.1,1
52908.35,36,3.93,3.14,5,12.4,22,69.3,0
44317.61,31,2.55,2.98,4,13.1,1,37.2,0
68027.67,28,3.14,3.66,4,4.1,15,52.5,0
102352.72,66,4.3,2.85,4,1.9,13,21.2,0
28280.59,32,2.4,3.2,5,1.6,6,13.3,0
62693.34,24,4.89,3.13,7,2.3,22,25.6,0
56159.26,24,4.08,5.0,2,1.0,24,37.8,0
78318.26,15,3.66,2.61,4,5.5,10,69.7,0
65204.17,34,2.45,2.95,7,3.8,6,16.5,0
44320.93,68,3.06,3.11,2,7.4,9,60.0,0
52700.41,26,2.91,3.18,5,0.5,26,59.9,0
43546.72,37,2.21,4.2,10,2.6,21,26.3,0
92079.06,28,4.08,3.32,9,1.4,10,31.9,0
60386.73,30,2.88,2.57,6,3.8,30,14.1,0
128088.44,51,3.06,4.5,3,3.2,20,40.7,0
58438.82,15,3.1,3.68,10,3.0,15,24.6,0
45099.99,10,3.03,3.79,1,1.9,10,35.7,0
32679.86,57,3.62,3.96,11,6.5,10,43.7,0
29107.3,22,2.7,2.64,2,3.3,10,21.4,1
31772.16,24,4.01,3.5,6,1.1,7,24.0,0
66626.03,108,2.72,4.07,5,4.0,20,37.6,1
73386.11,49,3.18,3.05,9,4.5,43,16.6,0
31809.61,17,2.15,3.71,9,0.1,17,49.4,1
85649.21,59,4.06,3.88,7,1.1,36,29.1,0
49354.07,50,4.26,2.48,9,1.4,9,58.5,0
63495.05,2,3.77,2.78,7,1.4,2,22.3,0
114106.59,35,3.34,1.9,4,1.4,18,28.6,0
85710.94,15,3.17,3.66,2,1.6,15,7.3,0
53776.28,30,1.95,4.82,3,1.5,9,10.9,0
41920.2,97,2.12,3.02,5,10.8,13,50.7,1
25318.07,52,3.8,3.37,4,1.9,7,30.0,0
44906.54,56,3.06,4.21,2,2.2,43,31.5,1
55025.28,28,2.11,3.69,2,1.5,28,11.0,1
40341.19,56,2.08,2.82,3,17.1,16,29.8,1
56811.68,19,3.71,4.57,1,3.8,8,53.7,0
61743.3,34,3.9,3.64,4,4.7,23,41.7,0
54724.0,51,1.97,3.34,4,6.6,10,27.0,0
46166.0,50,3.32,3.4,7,2.0,42,9.5,0
64052.73,11,3.51,3.91,6,17.3,11,36.1,0
71451.65,85,2.73,3.07,1,0.8,37,28.9,1
38709.5,17,4.19,4.6,4,3.1,15,52.5,0
105279.39,119,2.92,4.38,5,0.8,2,60.8,0
57558.94,52,1.83,3.51,5,7.8,12,17.0,1
60327.29,49,3.04,3.54,4,0.6,5,44.1,0
79481.99,18,4.29,2.91,4,4.0,16,16.4,1
65728.4,23,2.92,3.05,9,0.6,6,31.0,0
87662.95,82,2.36,2.71,9,3.0,12,30.1,0
67161.11,76,3.7,3.36,4,1.6,38,50.4,0
46864.94,28,3.41,3.54,7,11.7,4,22.7,1
69189.29,27,3.2,2.39,2,0.3,21,36.0,0
37892.54,27,3.58,3.98,5,5.2,15,30.7,0
62531.39,60,2.65,2.89,6,5.9,6,35.4,0
59083.56,56,2.72,3.79,4,11.0,41,44.6,1
55091.64,40,3.78,4.07,1,10.5,35,52.3,0
56873.51,35,2.43,4.41,5,18.9,8,55.9,1
28205.16,28,4.49,4.27,2,1.5,11,7.9,0
48074.64,114,4.18,4.66,5,1.6,10,58.6,0
62139.55,12,2.28,4.07,7,2.5,12,57.5,0
63827.7,25,4.38,3.62,3,3.9,25,33.0,0
39692.99,38,3.32,3.17,4,2.3,24,39.8,0
99337.97,10,4.31,3.42,5,6.7,9,29.1,0
42341.8,22,3.31,4.64,6,0.0,22,14.0,0
88237.11,97,3.06,3.36,6,0.1,39,15.9,0
71031.43,54,2.97,3.5,5,6.3,34,44.0,1
46235.77,22,1.24,4.53,11,10.7,22,29.5,0
121798.63,21,3.94,3.34,4,7.5,13,21.5,1
37143.54,12,2.63,2.94,2,0.6,12,35.6,1
86479.41,24,3.97,4.29,6,13.7,24,38.6,1
89342.53,44,4.54,2.92,2,3.7,44,20.4,0
45786.84,40,2.74,3.78,10,6.8,40,25.0,0
104504.57,25,2.69,3.66,2,1.1,4,79.1,0
54175.36,17,4.01,3.72,6,4.0,17,27.5,0
67203.29,28,2.83,1.81,3,2.0,27,34.7,0
66444.93,28,4.25,4.05,5,18.4,28,17.7,0
56742.37,50,2.65,3.46,4,3.2,6,63.9,0
82811.59,36,4.35,3.93,5,7.0,10,17.2,0
82239.87,33,2.96,3.85,5,4.6,20,12.4,1
29750.08,63,3.46,3.72,6,0.5,5,60.7,0
100884.96,75,3.99,3.22,2,3.9,9,26.3,0
30791.78,39,3.61,3.23,5,3.9,16,14.8,0
90492.16,40,4.06,3.46,9,6.3,11,72.0,0
93965.41,29,2.04,3.62,6,1.9,29,30.2,1
38700.72,18,2.87,3.2,5,9.9,8,11.9,1
50801.15,52,3.25,4.16,4,4.9,37,18.1,0
38473.24,47,2.59,3.27,5,0.2,5,17.1,0
54941.9,31,3.98,2.81,4,6.1,4,18.0,0
52933.21,36,2.79,3.92,5,11.9,29,19.7,0
81786.23,60,2.59,4.82,4,5.7,15,104.0,0
101126.1,66,3.95,2.68,7,2.4,0,84.5,0
104639.2,4,2.36,3.41,4,4.5,4,52.6,0
47816.82,21,2.4,4.24,5,0.9,21,22.6,0
55067.29,31,3.61,3.9,3,4.6,21,12.2,0
30534.87,15,4.28,3.93,3,3.5,15,19.7,0
43375.58,37,3.33,3.52,3,0.1,28,68.6,0
88074.7,21,1.91,1.64,5,1.9,14,26.8,1
114260.15,38,3.75,3.68,5,1.1,29,53.6,0
36543.57,22,2.73,3.76,1,2.5,22,35.5,0
47240.85,23,4.1,4.29,1,1.4,6,53.0,0
59245.06,37,2.9,2.97,2,9.0,24,42.5,1
66974.31,54,4.12,4.68,5,6.0,18,30.0,0
43310.86,45,2.87,3.28,5,6.7,19,52.2,0
70942.46,31,2.65,3.16,0,2.2,20,55.9,0
49536.46,8,1.67,3.0,3,0.0,8,14.1,1
59529.01,22,2.67,4.23,5,1.2,20,33.5,0
74496.97,21,3.34,2.73,4,7.0,21,46.5,0
60028.15,48,3.28,3.94,4,4.6,6,4.7,0
50284.17,35,3.69,2.93,1,3.9,22,11.6,0
57305.74,35,4.2,3.47,2,1.6,13,40.2,0
57794.84,18,3.22,2.43,6,0.4,18,41.9,0
51637.09,68,3.25,4.05,7,7.7,19,50.7,0
53986.08,35,4.09,3.39,6,0.2,32,20.6,0
113488.74,18,3.38,3.89,6,0.3,13,15.2,1
74934.36,18,2.46,3.37,6,1.7,18,24.1,0
53199.69,38,2.78,3.87,10,4.3,38,58.1,0
79124.81,17,1.5,3.47,11,24.3,16,37.2,1
52390.06,21,2.45,4.02,4,0.5,16,27.1,0
95726.44,14,1.85,3.87,3,3.2,14,42.1,0
69414.9,48,3.48,3.64,5,4.6,37,97.1,0
57358.66,17,4.17,2.87,4,8.7,17,40.6,0
71616.93,74,2.45,3.19,2,5.8,47,103.4,1
31941.12,41,2.48,2.96,4,8.2,10,69.8,0
38150.46,14,3.95,4.5,3,3.7,14,28.1,0
37139.26,45,2.84,4.05,7,2.8,22,36.8,0
63397.34,68,3.41,3.53,6,4.8,5,20.9,0
119731.38,30,3.79,3.11,7,11.6,12,27.3,0
146169.19,72,2.63,2.95,4,4.0,38,22.5,0
77282.32,42,2.65,3.59,5,4.7,1,23.8,0
73155.15,21,2.79,4.79,2,2.1,6,35.6,0
29131.55,97,1.96,3.5,3,4.5,13,40.6,0
48191.14,12,3.59,4.34,4,4.9,8,35.9,0
43690.52,26,3.68,3.69,4,7.0,26,60.0,0
46707.54,31,3.26,3.89,4,4.2,31,7.5,0
55979.59,88,4.29,3.17,9,1.1,8,53.9,0
49571.12,49,2.99,3.36,8,4.4,39,27.0,0
27126.87,44,3.69,2.92,7,1.8,8,23.3,0
80754.11,19,3.59,3.71,4,0.5,2,30.2,0
38983.85,29,2.56,3.33,4,8.7,16,32.9,0
65887.15,22,4.12,3.75,7,0.3,22,57.2,0
137260.12,43,3.3,2.81,3,5.0,35,23.3,1
41450.12,62,3.98,3.82,8,22.3,25,59.6,1
21761.22,110,2.16,3.62,7,0.5,6,51.4,1
53401.72,23,3.29,3.6,4,1.2,23,20.3,0
93002.7,11,2.83,3.77,4,7.2,11,24.6,0
131050.63,26,2.52,3.33,3,0.5,26,30.5,0
36613.79,57,4.33,5.0,5,8.9,6,36.5,0
73033.95,18,3.36,3.83,3,0.0,11,16.5,0
49705.75,32,2.02,3.57,7,11.0,13,31.9,0
57389.73,44,2.8,4.02,5,0.3,12,38.5,0
172428.4,24,3.95,3.14,9,12.8,8,2.7,0
32820.61,36,2.52,3.11,3,10.0,22,59.4,1
66270.22,17,2.44,4.06,5,3.9,17,10.9,0
72191.48,64,3.08,4.12,6,7.5,13,46.8,0
92439.95,27,3.58,4.33,4,0.4,5,15.3,0
62267.4,36,2.62,2.5,3,0.7,33,29.3,1
67725.65,8,3.51,3.41,8,2.3,1,33.5,0
51192.1,15,3.23,3.73,13,3.9,12,57.2,0
66679.36,56,3.33,4.0,1,10.1,18,68.5,0
52194.01,24,1.28,3.87,4,3.9,18,16.9,0
76774.57,17,3.21,2.9,5,5.5,11,30.9,0
51645.37,11,3.0,3.86,3,5.7,11,21.6,1
69622.3,63,3.51,3.72,3,10.5,8,29.5,0
59177.39,48,2.68,3.72,4,7.5,4,31.1,1
93940.8,46,2.9,2.73,3,18.9,15,47.1,0
58655.85,78,3.63,2.85,4,0.1,13,29.9,1
29459.95,26,4.36,4.77,8,1.2,26,43.9,0
99187.63,12,2.14,4.19,4,13.3,6,12.9,0
41677.1,33,3.61,3.46,0,7.9,23,56.2,0
46096.55,86,4.18,3.47,8,1.6,17,32.8,0
47180.48,33,3.76,5.0,2,18.3,8,22.8,0
103753.71,61,4.12,3.53,5,10.2,18,29.1,0
25482.07,12,2.77,3.42,3,0.3,12,13.4,0
210049.69,19,4.19,2.94,4,8.3,17,31.9,0
91347.18,54,2.62,3.34,5,7.7,15,53.8,1
65466.61,35,3.24,2.32,1,1.2,15,88.5,1
58573.78,30,2.8,3.86,9,5.5,14,29.9,1
67118.95,60,2.83,4.38,7,17.6,20,33.5,1
73750.94,53,1.82,4.39,5,5.6,9,34.7,1
77504.11,36,1.62,3.01,6,8.4,15,47.3,1
74775.22,4,4.14,1.89,3,0.5,4,16.5,0
62058.47,32,1.76,3.74,6,6.5,12,13.1,1
55329.67,41,3.4,4.42,4,1.1,29,60.5,0
56358.63,8,2.16,2.38,6,0.4,8,49.2,0
55383.48,40,2.52,3.24,5,4.0,40,25.1,0
94231.33,62,3.75,3.75,11,6.9,7,51.3,0
75919.03,32,3.33,2.91,5,4.0,24,27.2,0
18468.92,16,3.1,2.29,9,13.4,4,27.4,1
77836.08,5,4.12,2.98,7,5.9,5,28.2,0
64724.46,41,2.97,3.1,6,0.6,10,18.5,0
59427.75,9,4.18,2.18,6,13.6,9,47.0,0
51256.24,45,2.34,4.25,7,0.8,27,27.9,0
93868.03,84,2.25,4.59,5,7.1,24,22.5,0
87466.45,20,3.09,3.52,6,0.8,18,47.5,0
43951.8,28,3.2,4.01,6,32.8,12,46.8,1
70461.44,86,2.51,2.46,6,2.0,22,51.0,0
40592.45,34,2.98,3.4,4,3.4,34,65.3,0
34480.62,24,4.29,3.09,7,3.1,7,40.5,0
46598.01,57,2.88,3.79,4,0.5,8,18.3,0
84538.08,25,1.65,1.61,4,3.4,8,50.0,1
87662.55,19,1.81,3.29,7,0.8,4,34.6,1
73514.22,45,4.87,3.94,0,8.1,26,5.6,0
80020.51,59,4.36,3.67,5,15.9,8,126.6,0
73605.23,19,2.85,4.05,4,8.3,19,35.1,0
46323.62,36,3.85,3.08,3,2.8,10,16.7,1
71165.9,28,3.41,1.52,4,0.0,11,50.4,0
82467.85,31,4.22,4.27,4,0.2,31,25.0,0
80960.49,16,2.34,4.03,7,3.4,7,33.3,0
96332.92,47,2.37,4.6,5,5.7,6,44.2,1
79484.84,74,4.26,3.55,8,8.6,59,34.2,0
68911.56,18,2.01,3.79,6,4.6,13,5.6,1
91863.6,47,3.26,5.0,5,19.2,11,40.2,0
59242.32,56,3.16,2.2,6,3.4,17,51.3,0
42076.73,36,3.83,3.81,4,4.6,5,15.9,1
56093.39,46,3.31,4.35,2,1.3,4,33.0,0
44446.39,20,3.09,3.65,5,2.1,20,45.9,0
45703.43,71,2.9,3.55,5,5.7,6,67.6,0
56511.11,60,2.4,2.46,9,4.6,20,40.3,0
43609.58,64,3.07,4.53,7,2.3,23,41.9,0
52934.75,14,4.13,4.25,3,0.6,10,36.3,0
28072.74,43,2.97,4.4,2,2.1,0,31.2,0
65206.7,21,4.33,3.48,7,0.2,16,23.7,0
59903.02,75,3.78,3.28,5,4.3,9,17.1,0
43181.38,19,3.58,3.5,5,2.0,19,21.8,0
77940.29,37,3.07,4.69,3,2.4,9,37.0,0
87118.81,6,2.7,3.32,6,4.3,6,40.0,0
31475.86,37,4.55,4.54,2,4.4,4,59.4,0
44130.66,14,3.83,3.4,5,4.4,14,69.0,1
44017.52,44,3.09,2.9,7,3.4,16,26.0,1
41111.32,29,4.56,2.05,4,3.3,29,33.1,0
83432.23,25,3.7,3.9,8,8.6,15,39.5,1
55407.46,76,2.06,4.04,8,3.2,5,19.4,0
53862.73,101,2.86,2.69,8,3.8,8,59.8,0
26861.65,11,3.78,4.53,3,22.2,11,36.6,1
77200.96,26,4.41,2.53,4,1.0,11,34.5,0
36471.87,51,5.0,4.0,8,6.5,0,39.4,0
61326.85,40,3.22,4.03,11,3.2,13,41.5,0
66899.77,50,3.69,4.25,7,8.9,11,15.6,0
103183.42,30,2.71,2.12,8,2.6,6,19.3,1
35471.04,61,2.49,4.25,5,1.8,11,19.1,1
17893.54,36,1.85,3.4,5,1.2,30,28.2,0
64443.22,41,3.51,3.26,6,10.3,14,46.4,0
123032.58,14,4.21,4.08,6,6.3,5,45.0,0
98280.27,34,3.82,4.17,0,0.4,8,32.1,1
65111.98,52,3.27,2.11,8,6.2,25,37.8,0
49185.08,38,4.18,2.6,7,0.2,20,37.1,0
82689.59,34,5.0,4.34,5,1.0,17,26.7,0
40561.78,43,2.53,3.83,3,4.5,25,34.3,1
72442.11,36,1.26,3.63,4,3.1,8,9.8,1
73290.63,31,3.47,2.81,6,9.2,31,10.6,0
91499.06,53,4.07,3.81,4,4.7,48,80.4,0
180568.23,30,1.96,4.35,4,16.8,15,60.4,0
70050.13,13,3.87,5.0,6,9.7,13,75.1,0
48845.35,74,2.93,3.25,3,2.1,25,46.8,0
59264.77,21,3.47,4.11,3,9.0,10,38.8,0
29506.61,11,2.46,4.8,3,10.2,3,47.2,0
45347.7,46,2.42,2.49,5,17.5,18,30.6,1
50832.29,79,2.32,4.76,7,0.1,8,8.8,0
48550.74,46,3.73,3.64,5,10.4,25,24.2,1
63636.47,68,2.7,3.55,6,0.4,9,89.4,0
43089.39,17,3.42,3.12,2,3.8,11,25.6,0
93752.37,14,3.22,3.25,2,2.7,14,42.5,0
59879.1,25,2.26,2.98,5,12.6,12,18.9,0
59651.82,58,3.26,2.83,5,2.6,2,24.2,0
52514.37,44,3.39,3.81,3,4.5,19,28.9,1
63708.69,46,4.05,4.28,9,5.9,46,31.3,0
83286.3,34,4.4,2.77,4,0.1,9,34.7,0
42325.62,26,2.38,3.01,6,4.5,13,36.8,0
46016.41,35,3.48,3.68,6,3.6,22,27.3,0
53024.51,29,1.43,2.72,4,4.5,17,24.3,0
34949.23,25,3.88,3.67,8,0.4,25,38.6,0
43143.92,40,4.08,3.31,5,0.3,40,43.1,0
49489.29,27,1.06,2.35,5,1.0,21,75.3,1
84944.69,38,2.93,3.83,7,10.2,15,5.6,0
66504.48,7,2.48,3.11,6,2.2,7,15.9,0
64694.79,36,2.93,4.22,6,2.8,14,72.5,0
84150.25,27,2.77,3.36,7,2.5,27,27.5,0
56672.89,70,3.17,3.0,6,6.3,7,30.3,1
69995.48,10,3.99,3.48,9,1.5,10,20.2,0
57452.36,34,2.95,4.37,4,0.4,12,18.8,0
66579.03,52,2.41,4.79,5,2.4,45,11.5,0
47424.61,30,3.04,3.92,10,6.5,5,38.1,0
22572.17,26,3.0,3.09,4,12.3,26,48.4,0
56743.04,52,3.13,3.52,1,0.3,16,49.2,1
105778.15,43,2.7,3.43,7,8.3,43,27.6,1
86724.02,45,3.49,3.39,2,0.3,6,33.0,1
88093.94,25,4.23,3.32,7,2.0,25,48.7,0
98169.64,23,2.18,2.82,6,0.1,22,52.5,1
62035.56,38,3.56,4.18,5,12.1,24,43.8,0
64791.28,55,3.97,4.1,5,6.1,16,45.0,0
46767.29,12,2.85,3.52,1,2.3,12,83.0,0
52763.28,30,4.2,4.38,4,2.4,12,23.5,0
76596.64,23,3.15,3.91,7,5.1,1,15.3,0
96911.53,33,2.3,2.72,3,0.5,16,48.9,1
56625.88,49,2.18,3.25,9,0.8,28,39.6,0
50007.3,18,3.83,4.54,6,9.4,18,34.9,0
59886.79,46,3.75,3.25,7,1.1,12,52.0,0
76151.7,25,4.45,3.01,4,6.5,2,56.3,0
33605.94,60,3.74,4.01,4,1.3,1,53.6,0
23897.46,19,3.12,3.3,3,0.5,15,17.8,0
48039.81,54,3.59,3.89,6,11.5,11,37.8,0
36743.44,13,3.26,3.47,2,11.6,2,44.7,0
48861.45,36,2.93,2.94,7,4.6,36,32.0,1
56437.43,47,2.76,3.01,5,3.1,20,73.0,0
49946.15,20,1.82,2.32,1,4.0,8,22.9,0
107043.12,5,2.61,2.73,8,2.6,5,61.1,0
68233.98,24,3.18,3.94,7,7.1,24,43.5,0
67520.72,33,1.04,4.34,1,7.0,33,29.2,1
76794.08,26,2.79,3.07,2,8.5,26,23.2,1
37966.78,22,3.94,2.54,3,3.7,22,71.7,0
90730.12,53,4.27,4.3,7,8.1,14,10.0,0
58086.83,63,2.78,4.32,4,0.8,1,32.3,0
78291.34,61,2.75,4.01,2,0.2,10,24.1,0
38997.67,42,2.62,2.48,6,5.2,42,28.6,0
32160.57,46,2.75,3.86,2,0.6,10,31.3,1
83046.49,17,4.11,3.89,7,4.0,7,14.0,1
69603.06,31,4.5,4.13,3,6.4,8,20.4,0
41738.51,34,1.85,3.61,4,2.6,15,39.5,0
42282.76,38,2.55,2.97,6,0.2,13,31.8,0
93917.68,38,1.71,3.22,4,10.9,4,27.4,0
37206.37,33,3.18,4.32,6,0.2,23,20.8,0
115505.01,42,2.81,3.77,5,11.8,17,22.7,0
41762.4,37,3.49,2.58,5,0.3,12,18.4,0
77292.85,37,3.73,4.69,5,6.6,18,50.9,0
52499.17,20,3.64,4.31,7,12.9,20,25.1,0
76212.06,15,1.88,4.66,6,11.9,14,12.1,0
48163.39,39,3.18,4.29,4,11.2,25,52.1,1
56099.54,25,1.84,2.85,5,10.7,10,32.9,1
60862.21,21,4.59,3.73,6,3.6,7,26.0,0
40099.74,47,2.92,3.92,3,4.1,21,27.6,1
80525.54,31,2.11,2.56,6,4.8,2,87.4,0
48762.39,68,2.76,2.68,10,11.3,9,45.6,1
54642.11,45,3.37,4.02,5,9.1,13,67.2,0
40225.65,20,3.79,4.08,8,7.6,11,17.3,0
21484.06,48,4.24,5.0,6,5.6,34,33.9,0
55469.52,41,3.25,3.32,5,4.8,11,33.0,0
157164.16,19,2.93,2.32,5,12.8,19,5.7,1
81948.13,23,3.75,3.39,7,1.1,15,25.4,0
59414.63,46,3.73,4.09,7,1.1,3,10.5,0
53897.73,9,3.3,3.25,4,20.2,9,26.3,1
60414.62,6,3.85,3.57,6,4.0,6,46.7,0
74521.85,36,2.71,3.05,4,3.3,1,72.6,0
37334.57,34,3.18,4.34,8,9.5,24,19.5,0
93501.12,38,1.57,4.02,4,9.5,1,74.1,0
79710.18,34,4.31,2.93,2,1.0,1,42.3,0
79799.64,42,2.81,3.13,5,1.0,42,55.2,0
71352.69,63,4.32,3.02,6,7.9,32,28.0,0
60345.8,32,2.68,2.2,4,7.7,8,12.3,1
78365.93,12,3.44,2.97,5,1.3,9,24.3,0
75866.13,8,3.24,2.26,7,9.2,8,39.2,0
51968.02,26,2.72,4.15,8,3.3,10,80.8,1
47598.63,26,3.58,4.21,4,3.2,6,69.9,1
62363.94,13,4.22,3.29,5,21.2,5,89.9,0
111258.11,5,4.63,3.64,6,3.7,5,75.1,0
36474.08,25,3.79,4.25,2,0.7,4,38.7,0
33289.25,79,2.23,4.05,3,1.6,44,37.7,0
63953.04,41,2.08,4.9,6,2.0,19,22.4,1
61105.37,39,4.11,3.68,3,15.9,39,20.5,0
64172.92,29,2.4,4.52,5,1.5,29,63.0,0
66011.3,26,3.69,3.57,8,2.8,21,81.1,0
54760.21,43,3.31,3.42,2,6.9,2,18.5,0
108656.34,14,4.25,3.98,3,1.6,6,15.4,0
31559.77,91,3.61,3.89,3,6.0,25,34.2,0
42984.77,15,3.18,3.07,7,1.2,15,14.2,0
57451.6,45,4.85,2.92,7,1.4,17,39.1,0
31030.46,16,3.86,3.55,7,21.5,15,28.0,1
55807.2,35,3.64,2.18,3,2.3,3,51.2,0
116376.75,48,2.65,3.28,2,6.5,20,51.3,0
60376.46,10,2.28,2.81,4,9.2,10,21.9,1
65662.31,17,2.99,3.1,5,2.1,11,48.8,0
36168.15,18,2.0,2.95,7,2.2,18,43.4,0
46791.43,27,2.94,4.04,5,7.4,14,28.8,1
51530.1,37,3.84,3.81,4,4.7,15,24.3,0
52728.64,80,3.99,3.54,9,2.2,68,60.7,0
99973.21,23,2.93,3.23,6,6.9,10,27.0,1
74837.65,77,5.0,4.22,12,10.0,16,18.8,0
38384.8,40,4.22,4.13,3,1.3,25,32.7,0
66078.71,15,3.18,3.42,4,0.1,15,58.8,0
73078.44,29,4.11,4.45,6,1.6,10,108.9,0
94472.08,12,2.74,3.37,6,5.6,9,11.9,0
112669.75,26,3.4,3.64,4,12.3,11,76.7,1
39893.25,25,2.91,3.1,2,9.9,11,42.5,0
43289.14,35,2.23,3.22,5,1.3,30,16.2,1
36205.59,45,3.63,3.06,8,10.6,27,30.0,1
54523.77,31,3.2,3.98,6,8.3,7,29.0,1
72152.94,16,3.25,3.76,2,6.6,16,21.2,0
88870.35,68,3.18,2.76,4,5.8,8,95.2,0
58082.49,83,2.48,3.9,4,8.2,24,29.1,1
52683.68,29,4.47,4.76,4,9.9,29,14.7,0
63621.27,39,3.4,3.04,2,8.5,12,57.0,1
42870.66,28,2.99,3.0,5,0.6,11,29.3,0
138111.35,35,2.15,3.51,8,6.4,35,24.8,0
31474.58,36,4.32,4.46,4,9.2,10,32.1,0
64466.19,13,3.93,3.19,7,1.0,13,45.2,0
134516.55,26,3.2,4.79,2,1.2,21,35.1,0
60037.22,57,2.17,2.76,3,7.7,22,34.8,1
55491.46,54,4.53,3.63,3,2.1,10,65.4,0
51897.29,26,2.91,2.31,5,2.6,11,58.4,0
55706.01,37,2.66,2.84,4,2.4,21,14.7,1
103687.76,27,3.16,3.35,6,1.2,10,52.9,0
24717.21,46,3.5,3.69,6,14.0,23,39.9,1
110566.62,10,3.07,4.37,4,8.2,10,10.6,0
33874.48,43,1.0,3.01,3,1.4,16,10.5,1
53816.7,71,3.4,3.79,2,0.6,20,12.2,0
50428.02,20,3.94,2.56,5,2.3,13,54.0,0
75767.24,65,2.49,4.21,5,2.7,13,21.7,0
31594.88,38,4.45,4.42,3,0.0,7,8.7,0
72032.24,31,3.9,4.23,2,10.9,13,17.2,0
134554.4,26,3.58,4.23,3,9.5,4,61.1,0
34708.17,67,2.39,3.44,4,9.5,45,44.3,0
64594.37,27,3.42,3.69,8,8.2,12,4.2,0
45945.31,77,3.48,3.43,5,6.6,8,43.1,0
70994.3,72,3.13,3.47,7,5.0,7,20.7,0
60334.49,24,3.91,2.98,2,16.1,11,15.1,0
46323.53,29,2.91,3.7,7,6.2,29,24.3,0
72776.54,7,2.98,3.79,4,5.0,7,9.9,0
123221.55,31,2.67,4.19,3,7.8,3,15.7,0
55472.27,34,2.84,3.77,5,1.4,24,7.5,0
79849.84,60,3.08,4.12,4,17.1,10,103.9,0
35692.32,74,3.05,2.98,7,0.1,70,27.8,1
40840.33,49,3.02,4.5,7,5.2,34,67.5,0
72327.7,57,3.94,3.33,6,0.4,6,48.8,0
108406.83,29,4.4,2.07,6,9.6,8,51.5,0
69026.47,14,2.17,3.23,3,17.2,14,20.4,0
52826.95,38,4.38,3.9,9,2.6,27,16.7,0
59857.17,60,3.74,3.56,4,9.7,23,23.6,0
36309.58,3,2.49,2.14,7,2.0,3,19.3,1
76252.55,35,2.94,3.65,6,0.9,7,64.9,0
85215.04,8,3.43,3.59,1,1.6,8,42.2,0
49969.29,19,1.88,2.82,0,1.8,19,9.2,1
49611.76,35,3.13,3.9,5,5.0,10,32.7,0
66592.77,74,3.62,3.41,7,8.0,4,31.0,0
50277.46,32,2.6,2.13,6,1.1,26,32.0,0
58311.05,47,2.02,3.99,5,0.5,10,85.1,1
138675.05,38,3.36,3.62,1,1.3,4,38.2,0
54240.86,20,4.97,4.56,5,1.8,20,21.8,0
51878.72,42,2.63,2.89,8,1.6,17,40.1,1
46211.47,14,2.65,3.34,9,1.2,7,20.1,0
80634.09,32,3.04,4.25,3,3.1,21,74.8,0
55687.46,66,4.46,2.86,3,9.7,6,10.9,1
46177.63,36,1.88,4.22,3,0.5,9,34.3,1
101571.84,38,3.82,4.24,3,9.9,8,27.7,1
105645.16,26,2.82,3.72,7,3.4,16,32.8,1
47090.69,10,2.89,3.38,5,5.4,10,80.0,0
28378.41,28,2.39,3.05,5,8.4,13,23.6,1
89590.58,52,3.0,3.0,3,1.8,27,26.1,0
45530.97,41,2.41,3.72,7,15.4,6,15.1,1
82145.74,14,2.77,1.49,7,0.4,14,56.2,0
27226.84,8,1.23,3.11,2,3.8,8,15.5,1
85565.63,20,1.81,3.01,6,1.5,20,21.6,0
36883.93,28,3.47,2.81,5,2.6,5,54.4,0
80202.15,29,4.21,3.63,2,3.0,29,39.8,0
60216.95,30,5.0,2.47,5,12.3,12,50.0,0
40881.14,32,3.94,4.34,1,2.9,15,21.4,0
50877.98,41,2.79,4.14,4,6.0,2,38.4,1
78788.9,25,1.61,4.45,7,15.2,25,15.4,1
62464.76,17,3.63,3.13,5,3.4,17,28.0,0
75641.87,44,2.04,3.65,5,2.6,28,8.6,0
132002.51,53,2.55,4.08,2,18.1,32,87.2,0
32026.0,22,3.91,3.41,5,8.8,7,40.0,0
114334.66,91,3.44,3.1,6,14.0,32,21.2,0
62426.33,72,2.46,3.58,3,2.5,23,39.4,0
41793.09,15,1.83,3.36,6,6.0,15,50.2,1
35167.39,9,3.37,2.75,4,1.4,9,56.9,0
55511.85,29,3.47,1.83,5,10.0,3,18.6,0
86565.8,38,4.4,2.85,4,13.5,20,40.6,0
56896.0,90,1.21,1.85,9,1.6,21,38.5,1
109585.68,89,3.29,2.89,11,0.6,11,77.1,0
33507.67,47,3.93,4.49,5,1.1,21,22.3,0
59585.31,25,2.86,2.21,4,5.0,7,15.9,1
36280.75,62,1.92,3.81,5,1.6,18,17.6,0
69248.22,35,2.46,4.36,4,5.1,4,42.9,1
85370.42,13,3.23,2.4,6,2.2,13,28.0,0
50599.41,13,2.81,4.76,4,12.4,11,67.8,0
21127.15,25,3.44,3.45,5,3.0,23,27.9,1
64833.6,56,4.22,4.45,5,3.4,24,52.3,0
71303.12,16,2.88,3.69,3,2.1,16,16.9,0
70383.76,25,4.18,3.18,2,0.4,18,40.0,0
98155.96,72,3.11,1.46,7,3.4,25,74.8,1
39010.2,40,3.47,2.72,6,7.4,12,51.9,1
78596.81,43,3.11,3.98,4,15.3,43,18.8,0
96471.51,57,3.49,4.58,4,0.4,8,15.3,0
29394.56,26,3.63,2.52,4,8.0,11,38.4,0
68040.66,75,3.71,3.46,3,1.6,59,38.8,1
48938.91,48,3.2,3.19,5,8.7,17,47.2,1
57953.19,30,1.0,3.79,5,2.1,30,50.4,0
68807.68,67,3.68,3.56,0,0.6,19,13.5,0
49271.87,47,1.62,3.24,6,4.7,15,10.5,1
45693.75,32,2.71,3.95,5,11.2,13,39.4,0
60697.69,44,1.29,3.02,9,1.0,44,32.6,0
38758.36,18,4.56,3.51,4,0.1,14,10.0,0
38780.39,62,3.53,4.04,8,10.8,25,22.1,0
78570.32,89,2.94,2.99,7,6.0,28,6.9,0
37815.8,10,4.34,3.25,4,8.3,10,75.1,0
78160.92,22,3.63,3.11,6,0.3,22,33.9,0
72044.3,21,3.3,3.82,9,11.1,20,69.4,1
30021.75,50,3.52,3.74,7,2.7,1,12.2,0
45659.83,37,2.89,3.14,1,11.4,5,22.7,1
96533.34,24,2.21,3.74,7,0.3,12,48.7,0
40438.35,27,3.97,1.53,9,10.8,22,49.7,1
49723.77,23,3.14,4.08,4,5.6,4,14.0,0
72029.02,46,1.79,4.13,5,4.0,11,51.2,1
81908.35,36,3.61,3.15,2,0.3,25,48.1,0
54143.03,26,3.23,3.01,5,5.8,14,9.4,0
47145.6,23,4.56,3.46,2,4.6,23,21.9,0
105762.15,67,3.41,2.86,0,6.5,14,34.1,0
120037.55,61,2.26,2.97,4,6.3,52,36.1,0
88569.53,47,1.77,3.72,5,2.9,18,37.2,0
61952.75,57,4.21,4.07,5,1.1,4,52.5,0
43334.04,13,3.15,3.72,5,12.6,8,22.1,0
42951.3,16,2.51,5.0,5,13.0,14,39.4,0
73792.0,14,2.62,4.37,6,1.2,14,35.3,0
70781.95,32,4.24,4.01,8,5.0,10,6.4,0
104887.06,58,3.58,3.99,6,1.1,4,20.7,0
77666.56,25,4.08,3.56,2,9.9,25,53.7,0
32819.16,63,3.4,3.85,5,0.5,22,13.1,0
91197.16,22,2.53,3.64,1,23.1,22,35.6,1
40165.98,30,4.63,4.24,3,4.7,13,6.4,0
51349.55,24,2.89,3.3,10,0.1,8,8.1,0
66176.46,28,3.84,3.27,3,10.7,8,64.4,1
133021.63,30,4.07,4.32,6,5.8,18,24.9,0
207724.39,8,3.21,3.18,3,6.0,8,26.6,0
76319.92,40,2.31,2.84,3,1.6,16,22.4,1
55643.54,30,2.66,2.98,6,2.1,4,8.6,1
74146.81,75,3.74,4.02,5,12.3,16,29.4,0
85396.65,45,3.63,5.0,5,5.0,21,64.2,0
52666.4,39,4.24,2.88,3,0.1,39,20.8,1
122772.04,72,4.11,3.95,4,2.0,15,15.7,0
65645.76,68,2.44,3.61,4,4.6,18,85.3,1
73064.45,76,4.35,4.29,7,0.8,3,11.1,0
78148.78,23,2.38,3.95,3,0.5,0,30.7,0
70872.28,14,3.68,4.33,2,0.3,14,41.4,0
83748.72,8,5.0,3.7,4,5.0,8,17.8,0
46774.75,57,3.45,2.92,4,1.9,3,25.4,0
47890.83,7,1.78,3.02,4,2.3,7,52.3,0
38558.75,37,2.94,3.65,2,0.3,20,28.5,0
71381.96,11,4.94,3.83,6,6.7,11,41.0,0
81762.55,62,3.03,3.23,7,7.3,18,18.9,0
71905.58,43,4.26,4.91,7,8.8,1,46.1,0
116984.53,61,2.43,4.16,4,5.3,20,27.4,1
59740.27,37,2.92,2.04,4,7.4,8,51.5,0
78236.9,17,3.03,3.41,4,4.3,11,60.4,0
38689.35,24,4.76,2.78,5,3.4,8,28.9,0
51285.33,54,2.96,4.83,7,1.5,4,28.2,0
79079.99,10,1.69,1.95,6,0.3,10,56.7,0
84089.82,23,5.0,3.79,3,1.7,23,45.3,0
53231.91,21,3.38,3.59,8,5.8,14,41.6,0
58183.69,30,3.72,4.07,4,13.1,13,10.1,0
32625.53,46,1.91,3.73,4,1.5,19,17.1,1
51905.93,61,3.41,4.95,1,5.5,49,12.2,0
85489.88,12,3.22,4.14,3,3.3,12,44.0,0
75363.78,18,2.43,2.21,5,4.9,18,10.4,0
73149.92,13,3.73,4.48,6,0.0,5,11.5,0
61078.15,31,1.83,3.64,7,0.7,3,48.5,0
60043.54,14,2.42,4.48,5,1.2,9,51.3,0
45975.85,40,4.17,3.28,8,11.2,40,19.3,0
79184.14,65,2.62,2.76,3,0.2,4,69.1,0
70854.88,9,2.81,2.62,5,4.2,9,5.1,1
72897.35,18,3.27,4.24,2,13.2,12,10.0,0
48512.95,77,2.9,4.06,5,5.3,15,48.1,0
25302.61,36,3.75,3.09,2,3.3,35,19.6,0
92861.19,23,3.34,1.63,6,2.4,23,14.9,0
49437.52,122,1.99,4.27,7,4.9,18,26.0,1
42399.41,27,2.61,2.07,3,3.3,17,66.1,0
79014.89,45,2.53,5.0,4,6.1,6,24.1,0
51184.65,19,2.83,2.49,5,4.8,1,16.9,0
91489.05,16,3.29,3.51,6,4.2,16,35.9,0
76634.48,47,3.45,3.66,6,15.7,19,33.0,1
78702.31,81,1.31,3.76,5,9.0,8,54.6,1
34669.57,24,4.02,3.73,4,4.7,24,92.9,0
97224.46,16,3.13,3.59,7,3.9,9,62.4,0
66469.62,56,2.3,3.2,6,6.4,44,51.3,0
51652.26,24,3.96,3.34,4,8.1,23,30.7,1
63408.64,40,1.52,3.04,5,1.7,10,26.5,0
29422.23,23,1.94,3.58,7,5.5,4,20.6,0
70506.57,26,4.9,2.27,3,0.7,17,14.7,0
39666.07,18,3.32,3.72,4,2.8,2,24.4,0
34854.3,47,2.61,3.43,3,13.9,19,45.3,0
32567.05,41,3.29,4.09,6,2.0,28,13.2,0
93440.05,40,3.05,3.29,8,0.8,3,28.7,0
46550.58,20,3.23,3.92,2,0.8,15,22.9,1
110579.62,39,3.59,3.89,8,2.5,11,31.9,0
48323.8,87,3.04,3.4,1,1.3,42,21.6,1
30244.11,16,3.48,3.75,7,2.8,9,31.9,0
38307.09,19,3.07,2.56,9,6.3,17,26.2,1
98157.11,20,2.54,4.44,8,11.0,0,42.0,0
56254.47,34,2.32,3.12,3,0.6,3,25.7,0
48083.05,15,4.26,3.38,3,7.3,15,53.1,0
63831.83,43,3.72,2.76,5,0.5,29,20.5,0
73182.61,8,4.03,2.96,8,2.4,8,34.3,0
93616.28,51,3.2,4.65,6,28.3,4,109.7,0
106873.34,39,3.38,3.6,5,0.4,18,35.5,0
51849.08,86,3.06,3.29,14,0.1,10,6.3,1
35227.45,16,4.13,3.29,5,2.0,16,28.0,0
50747.31,58,2.92,3.5,2,15.1,17,18.3,0
66443.83,30,2.41,4.01,8,0.1,30,43.1,0
40720.89,26,3.62,3.64,4,1.3,26,37.5,0
40828.66,16,3.08,3.65,4,4.6,6,20.9,0
68700.73,23,3.4,2.85,4,1.3,8,45.5,0
58720.2,24,3.77,3.29,6,0.3,3,32.3,0
60664.79,11,2.74,3.61,3,0.3,2,10.1,0
44205.38,39,3.02,3.48,6,4.1,18,24.6,0
54602.76,36,2.95,3.21,3,4.1,24,82.5,0
41369.81,45,4.23,3.14,6,6.1,44,21.8,0
85483.56,22,3.21,3.8,3,0.7,22,21.8,0
90590.06,52,3.33,3.82,6,3.5,9,54.3,0
28610.38,67,2.27,4.19,4,4.6,18,3.6,0
41282.57,28,3.78,3.64,7,1.3,26,29.1,1
32905.28,16,3.54,2.05,5,4.0,12,29.0,0
46165.61,33,2.53,5.0,10,6.2,6,44.3,1
57908.81,32,4.74,3.49,7,23.5,3,19.3,0
33528.19,28,3.47,3.21,2,4.5,4,27.3,0
41409.11,45,2.7,3.46,5,9.9,12,34.6,0
40071.36,25,3.2,3.22,6,9.0,17,41.1,0
65049.7,16,2.91,2.93,4,14.1,6,23.0,1
61558.16,35,4.44,3.93,5,6.4,15,79.3,0
44860.14,46,3.95,3.4,6,1.2,4,4.5,0
64262.3,48,3.56,3.44,8,1.8,34,20.4,1
48113.98,24,4.57,1.75,7,7.7,9,28.9,0
53709.11,38,2.37,3.34,4,3.7,11,34.4,0
116935.86,68,3.82,2.75,6,1.4,37,60.9,0
102353.16,68,3.64,3.13,4,5.3,8,43.2,1
35602.37,59,3.02,3.67,5,11.9,20,14.2,0
83440.82,10,3.02,3.07,10,2.2,10,37.6,1
82831.08,26,3.94,3.17,3,4.5,20,63.0,0
37823.83,65,3.88,3.57,3,4.4,15,31.0,0
83075.99,10,2.06,3.15,6,0.7,10,61.7,0
110765.74,31,4.65,2.76,4,0.5,31,5.3,0
38214.95,21,4.11,2.29,6,11.0,2,44.5,0
41481.34,38,2.97,3.74,6,13.6,1,55.7,1
89954.98,6,2.57,3.14,8,11.7,6,23.7,1
66742.56,62,4.09,2.33,7,2.5,24,9.4,0
74651.84,31,3.6,4.37,3,1.7,18,50.2,0
68612.89,15,3.77,3.74,5,14.3,15,14.1,0
70001.95,19,3.66,2.67,3,10.7,9,22.6,1
35221.47,39,4.17,3.01,7,8.6,31,51.7,0
91028.42,18,3.88,4.23,3,2.0,17,38.6,0
95591.2,79,2.77,3.38,4,5.1,8,130.0,0
54624.82,29,2.73,3.21,6,6.9,22,29.7,0
58841.89,71,3.48,4.03,6,4.3,14,35.8,0
32453.29,35,5.0,3.38,8,4.6,10,50.0,0
73548.62,47,3.08,4.36,7,7.1,10,14.1,0
75268.95,46,3.49,3.21,4,7.3,46,27.6,0
58403.06,23,3.92,3.1,4,1.4,3,12.5,0
93877.06,48,2.86,3.51,4,2.5,21,10.2,0
52384.66,24,3.84,4.18,6,7.6,12,56.9,0
75044.94,9,3.21,3.67,7,1.5,9,31.6,0
39820.39,28,4.2,3.57,8,12.4,28,32.7,0
59312.72,13,2.44,2.93,3,9.1,13,40.2,1
55840.7,24,5.0,2.83,4,11.3,18,16.3,0
65520.82,31,2.95,4.18,1,1.8,31,49.8,0
51647.09,17,3.62,4.25,5,0.6,17,38.6,0
56806.78,44,3.2,4.23,5,0.5,27,41.2,0
83317.91,24,2.34,4.05,5,4.1,15,16.9,0
50276.56,13,3.87,3.81,1,1.8,13,35.4,0
31488.23,17,2.99,3.8,7,1.5,17,46.0,0
120551.65,34,3.62,3.59,3,1.3,11,24.8,0
104045.3,27,2.56,3.89,6,4.1,27,28.9,0
35706.75,38,2.99,3.47,4,4.0,12,28.5,0
78895.79,34,2.96,3.89,3,2.7,5,23.3,0
48962.51,16,3.64,4.14,9,0.7,5,37.1,0
66529.11,21,3.45,2.62,4,13.2,21,28.7,1
67352.12,52,3.06,4.27,8,2.8,29,23.6,0
54515.31,18,2.9,3.46,6,0.7,12,79.3,0
43760.8,72,3.45,4.52,2,0.2,8,29.5,0
45423.44,11,3.36,4.39,9,0.8,11,14.0,0
41503.09,51,3.3,2.78,4,1.8,3,35.4,0
42927.64,30,4.78,3.5,6,5.0,30,34.4,0
58286.67,16,3.64,2.19,8,17.7,9,36.7,0
44967.53,33,4.74,3.23,9,1.6,19,80.0,0
78654.56,18,3.14,3.75,5,7.8,18,5.7,0
108542.65,22,3.16,4.09,7,12.1,21,47.6,0
47475.96,25,2.8,3.55,6,2.5,25,19.7,0
65891.31,48,3.44,3.81,5,1.5,25,27.9,0
73121.23,21,2.94,3.01,6,3.4,18,12.8,0
72316.02,36,2.83,3.49,6,11.4,18,50.5,0
61721.16,49,1.68,3.09,6,0.1,3,29.6,0
80585.42,33,4.37,3.7,6,3.3,21,38.8,0
72613.02,40,2.89,4.47,5,7.1,22,63.3,1
36495.16,31,4.38,3.46,6,4.6,17,15.4,0
84767.07,43,3.12,2.54,3,3.4,21,38.4,0
85384.2,13,3.72,3.64,2,4.0,13,98.9,0
44120.75,69,3.26,3.99,11,4.8,43,58.8,1
60789.67,20,3.53,2.86,8,5.7,20,16.1,0
78694.74,30,2.39,4.37,8,2.2,24,68.3,0
55065.27,7,4.15,3.08,1,3.6,7,32.1,0
91967.56,23,2.91,2.97,7,1.6,23,77.0,1
154129.59,37,3.94,2.25,6,20.7,30,54.0,0
43721.95,74,2.03,3.69,3,1.0,9,27.3,1
34460.95,44,2.6,4.77,9,0.8,9,53.9,0
67611.1,24,3.5,3.76,7,1.6,14,10.9,0
79907.5,10,3.07,2.99,5,12.6,10,17.1,0
54592.59,64,3.57,3.86,4,5.4,12,50.7,0
107077.08,23,3.37,4.06,6,3.0,9,12.9,0
35050.94,37,4.66,4.31,6,13.0,27,27.7,0
78997.18,24,3.63,2.64,1,11.5,7,39.1,0
46988.38,40,2.85,4.59,7,2.6,8,40.9,0
119103.86,63,2.89,3.65,4,4.1,13,59.7,0
132854.01,48,4.16,4.73,4,11.8,3,22.1,0
44061.31,27,1.98,3.61,6,1.9,1,55.1,0
48058.64,65,3.65,3.9,2,2.6,11,51.5,0
84443.26,83,2.31,2.84,5,7.9,49,21.4,0
51284.7,55,4.09,4.19,2,6.0,3,8.3,0
58796.38,24,2.85,2.75,5,0.2,18,24.6,0
60485.28,51,3.62,3.69,5,0.6,41,21.4,0
27781.64,55,3.23,3.2,1,9.4,0,14.4,0
59543.65,27,2.09,3.44,7,0.2,12,33.8,0
45438.22,83,3.71,4.26,3,12.6,20,98.5,0
49155.84,61,2.62,3.25,4,1.6,52,34.5,0
106665.47,28,3.84,4.27,2,4.6,14,87.8,1
36221.11,24,2.4,3.22,5,4.2,24,110.0,0
82891.03,54,3.39,3.59,4,2.5,4,20.3,0
53552.34,96,3.23,5.0,6,0.2,17,22.9,0
53535.27,13,2.72,3.59,2,1.1,13,53.9,0
82137.4,41,4.3,3.45,2,4.8,18,29.2,0
68598.13,50,3.23,3.6,7,3.0,7,16.9,0
75225.47,62,2.86,3.27,2,2.7,1,33.5,0
88192.21,50,3.44,2.8,7,0.5,2,46.9,0
52442.71,23,2.04,4.94,2,2.1,7,54.3,0
46868.7,12,5.0,3.22,7,3.7,5,43.6,0
38790.85,26,2.33,2.43,7,0.4,23,38.7,0
43037.87,49,3.64,3.39,6,0.3,10,29.8,0
194782.29,22,3.25,3.75,7,3.4,16,19.1,0
98505.91,68,4.14,3.35,7,4.1,5,80.4,0
34876.56,29,3.34,3.47,4,1.5,29,69.2,0
35278.07,21,2.69,3.39,4,2.0,21,24.7,0
72601.9,44,1.71,3.8,2,8.0,3,29.7,1
74526.19,27,1.78,4.07,3,10.2,27,51.3,0
74574.47,24,3.01,3.37,4,2.0,18,19.6,0
54069.08,89,4.3,5.0,5,2.2,17,85.3,0
56943.7,22,1.86,4.23,3,8.9,17,33.0,1
68264.95,25,4.68,3.5,4,18.2,4,20.5,0
61967.0,44,4.07,2.58,2,1.9,27,40.6,0
24643.78,67,2.12,3.58,6,7.8,51,47.0,1
54615.89,42,2.33,4.07,4,3.3,10,27.0,0
42592.67,34,2.41,4.08,3,1.5,15,31.4,0
64220.94,95,3.44,2.2,7,5.7,4,37.0,0
197620.46,25,3.16,3.58,5,3.1,25,32.0,0
69354.94,25,3.13,3.16,9,1.6,6,11.3,0
52816.99,22,2.8,4.55,7,0.6,20,15.4,0
86571.04,40,3.34,3.59,3,10.1,25,33.0,1
72625.77,18,3.87,1.9,4,10.5,11,17.8,0
70829.99,15,3.1,3.76,8,0.4,15,61.5,1
76323.81,25,2.67,2.14,7,5.4,1,92.3,0
136300.52,10,3.99,3.82,5,0.9,10,45.6,0
38087.62,37,3.02,5.0,3,5.2,19,10.3,0
72363.18,40,3.64,4.45,6,11.9,36,4.5,0
41334.28,44,3.12,3.68,2,1.5,5,22.4,1
74772.47,52,4.07,3.04,11,2.1,15,40.6,0
41461.7,26,4.19,4.39,4,7.9,26,50.7,0
50668.17,63,4.16,3.95,7,6.6,7,10.0,0
53208.0,59,2.76,3.31,7,2.6,15,31.8,0
88461.85,16,2.75,3.12,6,9.4,7,13.1,1
86455.21,31,3.9,2.87,7,12.7,2,5.8,0
36377.77,5,3.15,3.76,4,3.0,5,36.5,0
61204.36,63,3.17,3.21,2,0.2,15,34.0,0
45078.83,51,2.64,3.62,8,3.6,44,41.7,0
36192.17,72,4.33,4.15,5,6.7,55,32.7,0
54895.86,11,4.03,3.19,5,1.2,11,7.6,0
52923.72,42,3.1,3.95,3,0.5,8,40.3,0
158053.14,23,2.68,4.36,4,1.7,2,24.8,0
71195.43,7,2.65,3.78,2,0.1,5,22.6,0
34508.23,56,3.31,3.99,7,6.3,27,27.1,0
47767.0,14,3.51,3.78,6,0.8,14,5.4,0
90089.0,39,2.51,3.51,1,6.4,16,48.6,0
138050.81,23,2.2,4.09,4,1.3,23,29.9,0
31748.69,35,3.26,4.63,6,24.2,29,60.0,1
28226.89,52,3.89,4.1,7,3.8,20,48.1,1
126549.15,35,3.26,3.36,6,0.2,7,22.3,0
69971.67,17,3.0,3.38,4,7.4,12,76.3,1
42305.95,90,2.3,3.41,4,2.6,3,61.0,1
74150.47,26,2.69,4.16,10,4.7,16,20.2,0
20862.34,20,3.9,3.13,5,15.1,8,28.5,0
59955.04,30,2.2,2.78,8,3.6,3,48.0,1
68263.36,11,4.62,3.83,8,8.2,11,18.3,0
86656.56,21,3.27,3.52,3,1.8,12,21.9,0
39912.37,27,1.93,4.54,6,6.3,17,8.2,0
61961.89,37,3.6,1.92,7,0.5,23,10.9,0
41350.1,33,3.56,3.65,6,11.2,11,13.9,0
66313.81,42,2.85,3.22,5,1.1,4,30.7,0
41850.6,31,3.95,4.07,6,1.8,31,51.9,0
50856.32,59,2.7,3.3,2,15.9,37,19.2,1
40202.07,47,3.71,3.1,4,0.8,8,46.5,0
77687.88,40,3.17,4.16,4,1.5,20,18.8,1
84404.88,64,2.97,4.4,2,4.3,41,39.6,0
54510.67,64,4.27,3.43,3,19.7,21,25.7,0
60796.97,34,3.99,3.45,5,5.9,12,11.8,0
33542.33,25,2.31,4.39,5,0.6,11,48.5,0
53110.47,36,3.5,4.31,5,6.9,3,48.7,0
58683.75,29,4.71,4.22,8,2.8,5,4.7,0
170811.73,25,4.3,3.22,3,24.4,9,35.2,0
38376.98,35,2.47,3.04,3,5.0,12,37.6,1
107545.67,40,4.48,4.65,5,3.8,12,32.8,0
89209.56,45,3.94,3.93,1,4.1,45,22.7,0
66987.05,70,2.36,2.98,5,5.1,12,14.0,1
120988.19,37,3.37,3.43,5,6.6,11,30.9,0
69483.33,31,3.58,3.56,3,0.4,11,4.4,0
69958.93,55,2.34,3.43,4,0.7,6,15.4,1
58615.34,19,3.76,3.3,5,1.8,19,36.8,0
97677.6,10,5.0,4.36,4,3.3,10,52.9,0
92835.81,42,4.29,3.87,8,1.9,12,66.0,0
46617.4,26,3.33,5.0,3,1.2,3,12.7,0
35323.41,27,2.97,4.4,5,13.0,27,17.8,1
55204.94,18,3.46,3.6,7,0.2,18,42.6,0
43476.88,61,2.42,4.49,8,14.0,15,49.1,1
58371.92,10,2.82,3.75,5,11.9,1,76.1,0
98220.99,44,1.63,5.0,1,5.8,11,41.9,0
49865.23,32,3.55,3.28,4,0.2,8,35.0,0
58857.27,73,2.93,3.82,3,1.3,26,33.3,0
61280.02,55,3.69,3.08,4,19.3,31,14.7,0
84067.25,15,3.3,3.23,4,11.8,10,8.1,1
24373.32,47,2.39,3.26,1,16.7,5,41.6,0
46972.61,41,3.36,4.37,3,27.8,8,39.5,0
65154.29,30,2.63,3.65,10,0.3,25,7.9,1
96764.12,45,4.52,1.78,2,4.2,20,15.3,0
49179.84,21,2.53,3.57,4,9.0,17,79.7,1
28264.98,34,2.82,2.82,5,1.9,29,10.3,0
76717.46,32,2.39,3.19,8,2.9,29,9.1,0
46437.15,19,2.32,4.31,4,1.7,19,11.2,0
37202.58,26,3.22,2.56,2,0.2,17,37.0,0
46642.24,23,2.2,2.64,2,0.4,18,38.2,0
55613.98,40,3.05,2.34,5,0.1,20,62.9,0
47009.37,63,3.54,3.23,4,3.7,17,42.1,0
24779.54,13,2.86,2.32,4,4.8,6,19.9,1
85718.72,40,1.44,2.38,7,1.8,40,6.2,1
99702.9,23,4.27,3.34,5,8.7,7,28.9,0
77699.86,53,3.41,3.72,3,10.9,14,78.0,0
37984.21,40,3.42,2.86,2,0.8,10,19.5,0
55237.83,11,3.01,3.75,4,0.3,9,42.4,0
59718.16,35,3.85,3.58,5,1.9,35,21.5,1
76078.25,29,3.95,3.88,4,6.2,29,39.9,0
78224.35,14,4.03,2.77,3,3.5,14,33.5,0
44637.54,23,3.41,4.89,5,3.3,14,39.4,0
61870.47,34,2.1,2.7,4,0.8,8,19.5,0
71891.42,23,3.52,3.06,7,2.2,9,18.7,0
107186.86,57,3.41,3.86,8,16.0,13,13.7,1
79364.2,29,2.76,3.58,5,2.1,28,26.1,0
82094.2,22,2.56,4.09,3,4.5,17,39.1,0
61915.8,36,3.63,3.28,7,0.3,28,33.9,0
105259.46,38,3.14,2.64,8,0.3,38,24.3,0
70537.88,53,2.89,2.43,7,2.8,41,40.4,1
42428.04,33,4.54,4.75,6,4.6,16,42.9,0
104961.4,37,3.74,3.29,6,2.3,37,48.7,0
79154.85,26,3.55,3.38,1,1.0,6,22.1,0
50150.43,74,4.17,4.76,3,6.7,23,23.4,0
49424.56,40,3.46,3.16,3,0.8,11,61.5,1
67415.5,35,2.64,3.52,4,5.5,35,56.0,1
72061.41,23,2.89,2.78,2,15.7,23,47.1,1
64790.67,57,3.79,2.58,10,3.2,10,10.7,0
67813.97,10,3.7,4.82,4,1.1,10,27.4,0
118182.22,36,3.56,4.83,4,9.2,16,53.1,0
91914.79,21,2.29,4.21,7,3.5,11,48.7,0
64618.38,50,3.85,4.19,3,12.8,29,33.0,0
87249.25,39,3.15,4.03,4,6.4,16,31.8,1
39616.08,35,3.68,2.98,5,2.8,31,16.4,0
70204.72,16,2.54,3.7,7,4.8,10,14.3,0
123466.18,31,4.77,3.15,6,0.9,14,17.5,0
54873.27,39,3.4,1.69,4,2.4,9,16.9,1
42656.99,54,2.87,4.28,4,4.5,29,24.8,0
46127.49,42,3.72,3.89,6,4.5,8,50.3,0
38721.36,50,3.89,2.58,2,4.4,10,12.0,0
43743.37,12,3.71,3.25,3,6.8,11,12.4,0
51626.83,35,2.4,4.24,6,0.6,18,28.4,0
34124.58,55,4.11,3.59,2,0.4,27,62.5,0
60249.37,6,2.92,2.31,4,0.8,6,17.7,0
85897.57,28,3.19,2.65,4,7.9,9,26.9,0
41643.37,40,1.43,4.8,6,0.3,8,39.4,0
109942.59,59,2.83,3.55,5,1.3,41,25.1,0
73446.82,34,2.82,4.24,4,1.5,16,35.5,0
90421.04,32,3.56,4.79,5,5.2,6,45.0,0
46021.6,38,2.78,3.18,9,2.6,26,45.3,0
84272.43,40,1.9,3.75,9,1.1,27,14.9,0
38685.74,18,3.4,2.12,8,3.0,7,28.8,0
85485.24,23,3.0,3.08,7,5.8,7,14.3,0
64134.37,9,2.62,3.9,6,7.7,9,40.3,0
74704.86,21,3.27,3.37,5,0.7,21,63.7,0
37412.58,15,1.78,3.82,3,6.3,10,28.1,0
41855.23,18,3.7,4.15,4,0.0,11,43.7,1
76030.61,95,3.05,3.89,6,6.4,23,31.2,1
40972.68,57,2.99,3.73,2,5.4,7,30.0,0
72062.03,16,3.96,3.63,5,3.2,16,9.6,0
34653.18,13,2.77,3.1,2,0.7,13,59.1,1
84058.62,22,3.41,2.85,0,7.2,3,39.9,1
36570.26,13,3.1,4.45,9,0.4,13,29.4,0
74676.44,37,5.0,4.05,2,11.3,4,35.6,0
76899.32,37,3.59,2.95,6,7.4,32,26.6,0
45310.37,18,2.29,3.54,5,6.8,14,4.3,1
75569.7,47,4.6,2.53,6,7.0,19,21.3,0
66448.13,47,4.03,3.17,7,0.3,6,54.2,0
48265.06,20,3.24,3.87,6,23.0,20,21.8,1
39997.74,17,2.85,3.68,4,9.8,17,37.5,1
27308.4,25,2.14,3.58,5,3.5,7,12.9,1
68862.02,44,3.54,2.88,7,6.4,12,32.6,0
32018.81,91,2.66,2.74,4,6.7,19,78.6,1
62201.7,43,2.5,4.16,2,8.9,16,14.9,1
53885.72,15,3.82,4.69,5,1.5,15,23.4,0
78563.08,38,4.44,3.88,6,2.3,19,35.4,0
53060.17,34,2.82,3.38,6,8.0,11,27.5,0
52481.76,33,3.84,4.36,4,7.3,26,13.5,1
80237.66,13,3.37,2.91,2,3.7,6,41.7,1
68461.25,38,3.49,4.24,5,2.5,15,106.8,0
67945.58,31,2.55,3.08,5,17.3,9,14.9,1
72236.95,14,3.03,3.12,5,2.7,13,53.6,0
32395.38,78,2.32,3.27,2,7.2,16,46.4,0
81041.4,13,2.22,3.43,6,2.7,13,8.4,1
76495.52,41,3.61,4.14,4,1.9,12,36.6,0
39867.9,29,2.78,2.59,1,5.1,19,56.7,0
54304.8,25,2.47,3.08,5,8.2,7,11.8,1
58940.11,63,2.23,3.65,8,19.9,9,18.9,1
56738.1,53,1.99,3.89,8,0.8,16,37.5,1
68428.45,29,1.63,2.31,5,10.4,8,29.6,1
106143.44,19,3.29,2.95,7,3.7,7,51.6,0
92291.44,24,1.1,2.28,8,0.6,3,15.5,0
35422.85,26,3.58,3.01,1,7.9,9,27.0,1
76789.87,54,3.57,3.19,4,2.0,6,49.5,0
101882.28,39,3.12,3.85,5,10.1,10,26.4,0
69893.18,55,3.26,1.9,1,0.9,27,31.9,0
92632.21,13,2.97,3.96,7,6.2,13,9.0,1
133907.99,57,3.38,3.14,3,1.8,26,11.6,1
90172.86,68,3.37,3.26,3,1.5,35,40.4,0
66152.86,19,4.24,4.18,3,0.3,9,47.0,0
90947.29,50,4.43,4.44,9,3.3,12,41.4,0
63446.68,65,4.4,3.04,4,2.5,36,48.5,0
60449.36,22,2.56,3.04,3,0.3,18,31.0,0
52022.64,15,3.81,3.25,1,1.3,6,61.4,0
111900.5,36,3.6,3.03,5,3.3,6,18.9,0
43158.24,8,2.68,2.5,4,8.3,3,6.1,1
110519.48,57,2.49,3.48,5,13.3,0,23.4,0
73126.47,18,2.9,3.04,8,3.6,5,61.2,0
34210.15,27,2.35,3.57,2,2.6,2,34.8,0
69359.59,47,2.09,4.7,2,15.5,9,22.1,0
25848.02,43,3.6,3.43,2,16.5,15,32.6,0
76895.54,46,3.23,2.97,1,1.1,31,38.3,0
85313.89,19,3.22,3.31,8,3.8,19,24.3,0
47242.9,38,3.94,3.59,11,8.6,3,40.5,0
62907.4,51,3.04,3.38,2,8.6,38,65.2,0
130831.17,22,3.86,3.11,3,5.8,22,62.4,0
48908.25,81,2.61,2.34,2,3.2,40,50.2,0
39200.19,28,2.6,3.94,7,2.6,10,72.0,0
108300.53,8,3.21,2.87,9,8.2,8,13.5,0
131273.06,28,4.9,4.52,4,1.3,14,37.3,0
59962.72,64,4.23,3.24,4,2.8,4,92.2,0
89732.22,17,4.08,3.14,5,4.2,17,19.6,0
102394.71,16,2.1,3.17,2,8.9,8,26.3,0
44489.4,40,3.32,3.61,7,2.3,7,72.5,0
49309.78,15,3.86,2.89,4,4.0,15,51.1,0
97963.46,15,4.87,3.03,6,1.6,11,14.3,0
117477.92,18,1.85,3.94,5,9.1,12,70.5,0
74993.17,74,3.78,2.79,5,7.7,18,46.5,0
42111.42,42,4.05,3.88,2,8.6,22,54.9,0
132564.48,33,3.56,4.08,6,0.3,6,28.4,0
48417.26,19,2.12,3.97,8,3.3,6,38.6,0
52362.44,51,3.4,3.66,5,0.7,7,13.4,0
68660.9,45,3.54,2.24,3,5.6,6,25.4,0
111487.1,77,3.34,2.65,5,1.9,25,60.3,0
84253.92,17,2.65,2.55,9,7.4,5,21.9,0
70682.0,15,2.55,3.24,2,0.3,15,20.0,0
72064.4,8,3.56,3.52,7,3.6,8,39.4,1
60925.43,43,2.66,2.67,4,0.7,15,32.0,0
74851.08,37,2.68,3.38,7,4.1,26,24.1,1
21767.56,25,3.09,3.98,8,4.7,9,22.5,0
53175.71,8,3.33,2.8,3,3.1,8,27.4,1
65941.86,69,4.03,2.93,3,1.6,35,6.1,0
37782.24,35,2.24,4.33,7,0.2,7,17.1,0
69879.62,61,2.16,2.85,6,5.4,16,47.4,0
55172.04,64,2.89,3.74,8,10.2,5,37.8,0
120836.09,42,1.76,4.37,8,6.6,41,31.0,1
112331.31,46,3.67,2.67,4,11.2,46,15.6,0
49695.9,21,1.61,2.73,5,13.3,13,34.0,0
56368.45,34,3.77,3.34,6,3.0,18,36.7,0
58129.06,55,4.09,3.55,3,6.0,22,22.5,0
49977.9,18,3.41,3.05,4,2.5,18,9.3,0
64731.94,53,1.71,4.88,6,12.6,53,35.7,1
44209.15,51,3.28,3.88,5,4.1,9,20.1,0
38091.78,50,2.56,2.94,5,7.0,28,29.9,0
76809.57,32,2.24,2.54,6,0.1,0,23.8,0
77019.34,19,3.66,3.46,6,4.3,4,11.3,0
43402.56,81,3.81,3.81,4,6.8,17,9.7,0
85660.08,66,4.23,4.79,9,1.5,8,42.9,0
46507.5,33,2.97,3.55,6,0.1,33,31.4,1
66254.99,37,3.34,3.33,0,6.8,2,55.6,0
83128.06,27,4.53,2.82,2,2.1,13,53.2,0
59074.52,8,4.88,3.76,5,2.8,8,14.7,0
71818.43,30,4.06,4.21,1,4.1,6,18.8,0
48699.7,42,2.92,2.25,5,0.6,20,27.6,0
55348.97,22,3.21,3.55,3,0.5,17,8.1,1
55141.41,26,3.06,2.79,5,16.2,26,20.1,1
44416.6,26,3.76,2.55,7,2.1,8,67.6,0
55786.68,34,2.54,4.69,7,1.5,9,51.0,0
32226.77,27,3.46,4.12,6,0.2,9,45.6,0
49194.57,18,3.46,3.08,6,1.0,18,70.7,0
53425.84,34,3.51,3.39,1,2.8,19,4.2,0
54042.61,41,2.38,3.28,7,2.1,18,46.2,1
54360.93,36,3.4,2.71,6,2.8,30,46.3,0
58413.03,8,4.62,3.12,5,6.1,5,33.4,0
72531.53,46,2.83,4.05,3,5.1,4,11.7,0
84949.04,14,3.41,3.1,6,3.4,14,88.2,0
46170.39,41,1.73,3.82,3,8.4,16,52.6,0
37001.72,42,3.4,3.11,3,9.7,22,67.7,1
39465.5,11,3.37,2.67,7,4.5,11,43.2,0
49272.37,52,3.29,4.34,4,0.6,32,17.0,1
52012.09,81,3.78,2.01,3,2.6,35,14.4,0
44002.49,26,2.98,4.75,5,5.0,26,56.0,1
35651.74,41,4.14,4.2,5,0.3,24,18.4,0
49888.79,24,2.49,3.63,4,0.1,7,32.5,1
64380.79,14,4.35,3.19,6,14.8,9,22.5,0
75963.77,55,3.37,3.24,3,6.5,5,43.0,0
47907.66,41,3.14,3.64,3,0.8,31,29.1,1
50756.8,20,2.05,3.63,8,2.9,20,87.6,0
41329.04,15,2.31,2.83,3,1.1,9,92.7,0
59125.9,83,3.48,3.55,8,0.1,17,38.8,0
42643.43,12,2.63,3.68,4,2.5,8,15.5,1
75301.18,45,4.0,3.29,7,5.2,12,17.4,0
29309.1,35,3.43,5.0,3,15.4,28,19.1,1
51851.97,49,2.06,3.41,3,7.3,17,14.9,0
67537.81,71,3.81,2.27,3,1.3,6,34.0,0
64442.83,3,3.07,2.79,7,2.0,3,13.3,0
175819.55,16,3.16,3.99,7,3.7,16,27.8,0
68866.15,29,4.04,2.99,3,1.1,10,32.0,0
40069.8,74,2.08,2.8,0,8.9,17,27.2,0
57630.91,24,2.3,4.48,3,0.9,5,98.1,0
29422.1,21,3.46,3.62,5,1.7,9,32.4,0
57974.59,5,1.84,3.08,2,4.3,5,28.6,1
42906.46,20,2.71,1.56,7,0.7,15,54.9,1
86349.31,44,3.98,3.93,6,4.9,40,35.5,0
48058.96,29,3.11,3.51,5,14.4,29,58.2,1
57141.94,20,2.1,4.41,4,5.9,4,23.9,1
46433.52,84,3.35,2.73,9,8.4,23,43.0,1
120035.23,26,2.88,3.24,6,2.9,22,36.3,0
52654.28,34,2.64,3.71,4,2.3,34,24.2,1
124619.8,19,5.0,4.38,5,2.0,19,18.9,0
82922.42,14,3.66,3.68,10,5.4,12,39.6,0
72607.73,47,2.97,3.0,4,3.7,14,81.7,0
69389.67,9,3.92,4.41,3,3.2,9,75.5,0
70088.84,42,2.97,3.28,7,0.5,33,55.4,0
27692.89,2,2.79,3.63,10,5.6,2,50.7,1
53554.05,38,3.44,4.03,5,6.5,18,32.0,0
83957.26,15,3.61,4.59,3,1.1,2,16.6,0
58714.45,17,3.94,3.76,3,7.1,0,9.8,1
34129.73,26,4.34,5.0,5,10.6,26,40.0,0
58632.14,13,4.15,3.44,8,1.0,5,78.8,0
118378.48,7,3.89,3.71,5,3.0,7,34.7,0
98593.11,28,3.97,3.07,3,10.4,19,57.0,1
58407.43,49,4.15,3.73,4,3.3,11,37.3,0
87603.8,36,3.77,3.71,4,8.4,4,32.6,0
51709.52,59,1.93,4.23,6,1.2,7,20.8,0
30286.32,8,3.6,3.81,4,0.3,8,21.2,1
41365.96,24,4.3,3.13,5,0.3,24,31.1,0
111877.02,32,2.56,3.68,6,17.9,29,25.4,1
53658.91,18,2.89,3.03,5,0.9,7,52.0,0
54319.93,33,3.15,3.88,7,10.0,11,55.5,0
53107.04,57,3.35,3.11,6,1.9,5,42.4,0
128239.47,42,2.76,2.52,6,0.2,40,82.7,0
114735.36,62,3.25,2.71,5,1.4,11,59.8,0
145439.01,37,3.61,2.68,3,3.5,5,33.8,0
56183.7,30,1.59,3.13,5,0.6,2,25.0,1
67389.86,71,3.26,2.91,4,12.8,18,40.9,0
32641.6,34,2.89,3.48,3,11.5,34,69.3,0
108095.87,80,1.83,3.23,3,0.8,8,15.7,0
37529.71,53,3.65,3.86,4,6.7,13,63.8,0
65297.58,20,3.45,3.77,5,3.1,20,18.8,0
38602.76,28,3.33,3.27,3,20.1,13,25.2,1
47308.88,71,3.69,4.37,4,0.3,56,54.1,0
42834.32,59,3.46,2.85,2,3.2,2,55.4,0
46950.54,48,2.61,4.2,2,1.7,4,29.9,0
48259.64,45,3.78,3.61,2,6.5,8,36.9,0
48083.41,12,3.92,3.22,4,0.6,12,78.9,0
83561.12,15,2.33,4.29,1,4.9,15,77.2,1
38486.19,36,3.9,3.89,6,14.8,21,32.8,1
65396.01,18,2.97,2.75,9,3.0,18,29.7,0
97458.67,27,3.69,3.75,7,3.0,17,23.5,0
48762.72,25,3.32,3.75,7,3.4,25,12.8,0
44928.72,44,3.06,4.21,3,2.7,2,32.1,0
54600.05,37,3.63,3.91,6,3.0,23,32.6,0
95979.52,56,2.93,3.96,4,3.1,27,25.6,0
64708.19,38,4.06,3.19,9,31.2,8,28.6,1
48412.55,36,4.2,3.35,7,0.6,12,13.0,0
72660.32,31,2.76,3.32,5,1.7,30,33.7,0
38525.79,61,3.07,2.38,2,1.2,15,19.1,1
78632.77,32,2.9,4.4,4,3.9,27,44.8,1
70505.28,20,3.5,2.72,4,0.0,9,28.9,0
52938.0,46,4.25,3.69,1,12.7,25,47.6,1
42811.66,29,1.87,3.27,10,3.8,21,110.9,1
41995.92,52,2.07,3.33,5,11.3,12,13.6,1
74156.05,65,3.13,3.97,7,2.1,17,15.0,0
97889.27,28,3.35,2.95,4,0.8,25,57.0,0
46401.03,64,2.45,3.82,6,1.1,30,38.4,1
71923.24,53,3.34,3.83,2,3.2,22,45.2,0
25982.78,22,2.61,2.96,8,0.2,11,7.7,1
47389.36,18,2.84,4.14,4,7.6,5,19.0,0
59134.89,17,4.22,4.46,3,7.8,17,49.2,0
41611.28,14,2.93,4.92,4,6.1,8,46.7,1
41167.21,60,2.91,3.32,5,11.3,4,9.2,0
45838.89,28,3.31,3.63,3,4.0,11,39.2,0
67297.41,77,4.07,3.68,4,3.3,8,20.3,0
55551.64,20,3.17,3.97,3,3.8,20,22.9,0
24457.87,23,2.75,4.72,3,1.0,16,26.5,0
25635.16,43,3.66,3.84,7,3.6,43,13.2,0
46969.51,75,3.85,3.86,5,3.9,33,27.0,0
71903.1,22,4.12,2.73,6,7.2,6,56.1,1
19950.27,50,3.17,4.93,9,2.1,28,22.9,0
49026.09,32,3.58,3.17,7,0.5,12,30.9,1
48508.82,43,3.83,1.64,6,4.5,9,41.7,0
104332.18,19,3.35,1.91,8,7.8,19,39.5,0
51327.98,47,4.26,3.73,3,17.5,17,22.8,0
69786.48,27,3.72,2.61,7,0.5,27,29.1,1
63354.6,24,4.71,3.54,5,6.9,7,35.6,0
25534.18,31,3.93,2.45,10,4.5,29,26.4,0
81412.4,45,1.66,3.71,5,0.1,8,31.4,1
65261.57,29,2.88,3.89,8,6.3,29,100.2,1
73372.72,24,1.91,3.62,11,0.1,8,54.7,1
287936.45,29,2.69,3.01,4,7.7,10,74.3,0
26013.08,29,2.9,4.11,4,6.4,19,37.0,0
119357.52,42,3.89,3.22,5,5.8,2,40.4,0
53370.9,25,2.85,3.37,4,0.6,17,21.4,0
67166.61,24,4.32,3.14,5,12.6,24,62.1,0
58794.0,19,2.67,3.31,5,11.5,7,8.4,0
50529.14,44,2.97,4.81,12,11.5,13,92.4,0
47670.44,34,2.21,3.5,4,2.2,21,41.7,0
68309.46,61,4.36,2.61,1,3.4,47,22.4,0
32634.67,57,4.46,2.83,7,0.6,8,49.0,0
80840.36,36,3.09,3.31,5,0.3,35,17.3,1
50691.94,30,2.02,2.94,3,0.3,27,32.5,0
38100.1,32,3.03,4.16,3,4.2,26,22.3,0
50010.83,21,3.39,2.51,3,1.9,21,25.6,1
98998.47,19,2.69,3.42,6,4.3,8,33.0,0
48332.81,17,5.0,4.21,7,4.5,10,62.8,0
69104.94,28,4.66,3.06,6,11.9,28,31.9,1
44695.03,4,1.8,3.81,8,10.7,4,14.1,0
81078.15,73,2.28,3.47,7,6.3,20,21.2,0
78763.35,85,3.57,3.48,4,8.5,11,20.2,0
125422.53,16,2.34,3.86,4,0.0,16,94.2,1
55813.69,85,3.35,2.2,5,0.1,6,20.1,0
78234.18,16,3.21,4.34,3,3.1,16,37.7,0
62269.5,32,3.17,2.17,4,5.3,22,31.6,0
100543.8,40,4.02,4.3,2,7.9,26,25.5,0
44912.3,33,4.65,3.8,4,3.0,12,18.2,0
80660.33,22,3.52,3.83,4,14.1,22,15.3,0
55388.16,22,2.23,4.63,6,8.4,9,45.6,1
58356.42,50,3.32,4.33,12,0.5,36,59.1,0
62112.4,62,2.73,4.07,4,2.9,43,14.5,1
66230.49,9,4.79,3.29,1,26.4,9,33.7,1
57154.21,37,3.75,3.25,2,2.6,28,29.9,0
65243.73,45,3.52,4.09,7,2.4,35,13.1,0
112560.62,35,3.72,3.82,3,1.7,8,21.5,0
88803.37,12,3.17,3.71,6,3.3,8,51.6,0
84767.02,43,4.2,3.46,4,6.5,32,80.7,0
49900.39,57,2.74,3.21,2,0.2,10,85.1,1
41952.93,19,3.97,2.53,6,9.0,19,28.6,1
87738.86,22,4.47,3.95,7,12.5,22,38.9,0
85001.04,36,2.55,3.37,3,7.6,4,29.8,0
107911.67,30,3.47,3.33,5,12.4,25,56.5,0
47023.73,22,3.53,2.23,6,0.5,22,48.2,0
54621.37,14,2.34,3.56,9,3.0,2,49.8,1
31076.47,23,2.1,2.55,6,0.4,16,19.2,1
51175.26,6,2.47,3.2,6,9.1,6,27.8,1
89199.28,45,3.16,4.05,3,15.2,8,52.3,0
49682.19,20,3.54,3.54,4,1.8,12,81.7,1
77357.43,49,2.9,3.43,6,3.8,16,65.0,0
55481.16,27,4.74,2.99,3,1.8,27,16.3,0
68160.66,34,4.02,3.12,4,2.4,15,11.0,0
37832.49,10,3.56,4.61,5,3.2,7,55.1,1
61950.06,47,2.86,4.05,7,7.8,4,19.5,1
18097.8,113,3.26,3.18,6,0.8,9,97.3,0
55561.26,25,4.08,3.43,8,0.9,19,54.1,0
31188.69,34,3.94,3.67,5,1.1,1,45.0,0
96993.36,37,3.93,3.81,3,0.3,16,27.1,0
81712.56,13,2.96,3.48,5,5.2,6,42.1,0
72161.97,15,2.78,2.26,3,1.1,6,19.7,0
110018.35,43,2.06,3.48,4,2.9,9,36.3,1
40963.36,19,3.62,3.44,1,5.8,19,59.2,0
120444.61,27,1.99,4.94,3,3.0,17,26.8,1
86931.58,34,3.19,5.0,2,11.8,12,31.5,0
54468.5,44,2.86,3.95,4,7.3,14,8.7,0
94301.09,28,3.38,3.03,4,1.6,6,33.5,0
38464.18,29,4.13,3.98,3,0.7,6,39.1,0
43053.31,103,4.28,2.31,1,11.2,22,51.3,0
46937.12,54,3.76,3.13,4,2.5,10,74.4,0
48455.88,25,2.59,2.36,2,2.4,3,27.7,0
39237.06,29,3.18,3.89,3,8.3,22,13.5,1
97658.62,82,2.5,2.65,1,0.0,9,29.7,1
53984.82,44,2.68,3.3,5,3.0,2,52.6,1
68940.7,58,3.59,3.47,6,6.3,16,3.0,0
47660.56,25,2.42,3.48,8,9.4,22,16.6,1
28904.68,23,2.84,3.17,5,10.8,23,18.8,1
66704.18,71,2.34,3.74,3,3.1,2,20.2,0
27864.2,30,3.73,2.62,7,9.4,23,22.4,0
58252.74,30,2.91,4.72,7,0.2,29,23.0,0
34636.87,24,1.43,2.78,4,1.8,24,42.7,1
132575.87,57,4.51,3.53,4,0.1,36,50.8,0
86210.31,35,4.01,3.94,5,0.9,35,78.7,0
62461.24,15,1.59,3.98,4,6.5,15,44.5,1
99258.48,22,3.79,4.04,4,0.0,11,11.6,0
42679.48,63,4.42,2.39,5,3.7,14,29.0,0
74413.43,36,3.05,2.86,4,2.7,16,48.8,0
64855.97,57,3.32,3.6,1,0.7,8,28.3,0
66543.29,40,2.95,3.84,5,5.8,25,14.6,1
99602.39,16,3.62,4.38,3,5.9,16,60.5,0
80257.61,42,4.03,3.14,6,6.5,33,38.5,0
67204.1,31,2.25,2.87,7,7.2,11,58.9,0
30885.59,23,2.64,3.12,3,1.9,5,44.0,0
40781.4,24,3.28,5.0,4,25.7,7,45.2,0
57006.26,56,3.45,4.55,5,0.4,7,31.4,1
62152.66,37,3.53,3.38,5,5.2,15,26.0,1
38098.06,35,3.05,4.4,5,17.7,28,18.5,0
157105.16,75,2.49,3.1,5,1.3,33,42.4,0
109815.57,20,3.99,4.17,3,1.6,3,20.9,0
76179.47,30,2.22,2.53,5,4.3,30,15.2,0
61624.5,21,2.81,3.75,3,7.6,0,12.5,0
55001.54,42,3.21,4.21,4,2.0,4,46.0,0
40914.21,36,3.59,3.27,7,9.1,20,13.1,1
61758.83,25,2.97,3.93,5,1.4,11,48.0,0
66376.68,27,3.8,3.11,5,10.4,7,52.6,0
36435.39,53,4.2,3.71,2,1.5,4,43.0,0
68437.11,61,2.7,3.16,6,4.8,7,11.8,1
56268.85,22,3.51,4.07,2,2.2,7,49.6,1
27913.81,116,3.4,2.61,1,1.9,18,34.3,1
42439.97,13,2.93,2.79,4,2.2,13,22.4,1
50744.46,16,1.68,4.41,5,3.5,7,19.2,0
127398.48,27,3.48,1.78,6,9.3,13,29.4,0
74803.6,20,3.57,3.05,8,7.1,14,49.4,0
35094.77,18,4.07,3.4,5,3.0,17,35.6,0
72723.11,60,2.93,3.75,9,1.7,11,47.0,0
32243.71,43,2.67,3.17,2,9.6,18,24.9,1
92325.57,33,2.47,2.71,3,10.2,9,28.0,0
49590.28,23,1.0,4.36,3,3.0,23,19.3,1
57673.06,16,2.88,4.24,6,6.0,9,23.9,0
101754.53,16,5.0,3.23,13,2.3,15,53.1,0
35779.65,60,4.22,2.25,4,0.8,12,25.0,0
34240.1,58,2.41,3.71,6,1.9,16,29.1,0
47408.66,27,2.79,3.63,5,5.7,27,37.2,0
90703.53,12,2.78,3.03,3,7.3,12,28.9,1
32606.33,45,4.32,2.13,4,9.5,9,77.1,0
19286.06,27,4.98,3.31,9,0.1,10,24.5,0
49987.91,54,3.27,4.04,4,3.3,4,20.3,0
74659.74,16,3.41,4.14,2,1.6,16,35.8,0
96771.2,33,3.62,3.47,6,5.8,5,52.4,0
49748.49,15,3.19,3.06,5,1.4,15,27.7,0
50788.71,20,3.43,4.01,5,4.2,20,31.2,0
94993.17,20,3.24,2.7,9,6.2,20,8.3,0
28342.09,27,3.58,2.55,6,7.3,19,17.5,0
51256.19,63,1.6,3.44,3,1.6,6,50.2,0
64612.91,34,2.82,4.58,5,0.5,34,12.5,0
71659.96,49,2.25,4.61,6,1.2,3,7.2,0
48828.89,33,3.75,2.58,4,4.6,24,39.1,1
60704.7,24,2.57,3.19,3,0.2,9,12.5,0
22129.55,7,1.95,5.0,0,0.9,7,56.1,1
46013.98,16,1.77,3.02,5,27.0,7,53.7,1
71783.04,32,3.56,4.63,3,2.4,3,29.9,0
40420.1,35,2.46,4.18,7,3.4,12,21.4,1
61303.59,54,3.09,4.33,4,0.1,27,54.5,0
71592.74,10,4.47,3.19,2,4.5,10,28.3,0
52207.44,94,3.5,3.21,7,2.0,33,69.9,1
64099.09,7,2.79,2.86,2,3.8,7,10.4,0
40737.61,30,2.26,4.06,3,3.7,30,18.6,0
55124.83,22,3.55,2.35,4,17.1,15,14.3,1
76426.63,16,3.1,3.39,6,1.6,6,8.7,1
63754.13,72,3.66,4.64,11,4.2,7,38.4,0
47353.1,22,1.29,3.92,5,2.4,6,45.0,0
65492.22,9,4.11,4.2,6,2.7,9,86.5,0
79685.58,13,1.83,2.35,9,0.3,13,24.1,1
26371.09,58,2.81,2.8,4,5.8,32,24.9,0
95189.95,14,4.31,4.33,0,1.1,14,39.6,0
52339.05,11,1.41,3.59,6,3.2,11,31.5,0
70983.02,35,3.13,2.77,6,2.8,20,21.8,1
96654.57,27,2.98,3.94,3,3.2,12,58.8,0
34590.37,41,3.18,3.13,8,2.4,2,27.5,0
45081.34,24,3.48,5.0,4,1.4,24,7.9,0
53347.4,48,3.21,3.92,7,3.0,23,6.7,0
43761.01,12,2.13,2.85,7,0.2,3,25.9,0
119847.41,11,3.28,4.12,6,1.4,11,48.6,1
42501.35,37,3.19,4.63,6,7.7,23,50.7,1
47943.63,27,3.15,3.5,6,9.3,7,57.4,0
64974.85,24,4.87,2.96,1,6.3,20,36.3,0
37017.28,45,4.27,3.53,6,5.0,45,31.2,0
51109.6,101,4.66,3.07,5,8.3,20,79.6,0
67980.85,11,3.48,3.32,8,0.7,11,36.3,0
52410.16,64,4.63,2.53,1,3.7,14,43.3,0
57678.82,46,2.52,4.11,2,0.6,25,60.1,1
48449.01,23,2.91,2.7,8,7.5,23,14.4,1
32669.98,75,2.74,3.93,6,3.7,28,37.2,0
68093.52,13,2.8,3.29,7,8.3,13,23.1,0
120809.87,40,3.23,3.66,6,8.0,11,23.9,0
60316.48,28,3.36,3.17,3,3.1,21,8.4,0
65519.67,23,3.54,3.64,2,3.4,23,33.0,0
78990.99,15,4.6,3.8,3,0.1,1,19.5,0
36035.79,124,1.98,3.25,9,3.7,19,17.0,1
118303.17,23,2.24,2.29,4,5.7,23,20.7,0
64921.33,5,1.25,3.74,2,1.3,5,23.4,0
115006.37,51,2.53,3.77,8,21.5,46,51.6,1
44657.91,38,2.84,2.5,6,18.4,11,43.9,0
123899.34,26,2.64,2.81,4,1.7,21,60.6,0
81638.99,25,2.29,3.26,9,6.2,21,19.6,0
74698.56,30,3.27,1.89,6,0.2,18,55.3,0
65749.66,51,2.89,4.0,4,5.5,51,43.5,1
54208.26,39,2.49,3.16,4,4.9,13,33.5,1
96781.65,42,3.32,3.7,5,8.6,10,17.4,0
63331.87,42,2.74,2.76,3,1.8,14,49.7,0
27259.9,52,4.13,4.91,6,10.5,3,31.1,0
38296.95,61,3.07,2.51,4,9.8,21,56.4,0
55584.61,20,2.92,3.15,5,5.5,6,15.6,1
67778.45,35,3.41,4.34,4,3.2,2,61.5,0
58534.09,59,1.6,2.7,4,4.8,9,54.5,0
97498.11,20,4.17,3.56,2,6.5,18,45.7,0
27434.57,67,3.83,3.94,5,18.5,11,63.0,0
63413.7,20,2.57,2.45,2,0.6,11,57.4,0
28935.03,39,2.3,3.03,5,1.9,8,55.3,0
81136.23,27,2.39,3.63,7,7.6,27,20.3,0
57654.09,24,2.07,3.82,6,2.6,21,28.9,1
70816.27,41,1.84,2.92,4,5.6,19,36.8,0
42380.64,61,2.05,4.79,0,0.7,13,33.5,0
99886.12,26,1.08,3.84,3,6.2,12,37.3,0
90825.0,64,2.91,4.04,5,5.6,15,35.3,0
75615.59,19,3.09,4.0,9,4.4,1,55.8,0
56851.23,62,4.22,2.41,3,7.2,34,24.2,0
75504.15,34,3.99,3.42,7,10.6,32,26.1,0
45127.31,38,2.61,3.49,4,8.8,5,16.1,1
84307.18,14,3.0,3.32,6,0.7,4,61.2,0
115819.98,23,4.08,3.65,5,6.8,13,38.4,0
91880.51,31,2.84,2.02,6,3.0,10,41.6,0
44719.24,57,3.34,3.59,2,2.0,39,45.1,0
69186.91,28,2.72,3.29,5,10.6,23,57.6,0
35694.2,18,3.23,2.02,8,4.1,17,8.9,0
75278.97,36,3.27,3.8,6,3.5,17,105.5,1
71699.67,87,2.92,2.67,9,7.7,17,24.8,0
28341.25,39,4.05,3.23,7,4.0,9,35.4,0
37619.83,27,2.51,3.32,3,9.8,6,98.0,1
53462.96,36,3.29,2.21,2,0.5,6,15.4,0
53085.34,18,4.63,2.29,8,7.5,5,41.4,0
36908.95,69,3.45,3.88,3,0.9,12,46.4,0
69953.88,69,2.56,3.08,7,1.3,16,44.1,1
66210.18,17,3.48,3.22,6,1.0,16,35.7,0
55397.64,68,5.0,3.55,2,1.4,1,23.9,0
44253.22,37,3.23,2.27,4,6.6,20,70.7,0
91079.03,47,3.83,3.21,5,5.3,24,32.6,0
116094.85,31,3.2,3.42,5,1.3,6,16.0,0
49344.19,33,3.42,4.74,4,1.6,21,9.4,0
46870.01,21,3.14,2.86,5,0.5,6,41.9,1
72873.7,17,2.39,4.05,5,2.7,13,31.9,0
51885.17,17,3.5,3.5,10,2.4,17,46.2,0
56627.0,58,2.22,2.71,3,0.8,8,17.4,0
80487.83,35,2.95,3.06,3,9.0,24,33.6,1
27896.53,18,4.73,4.11,2,9.6,2,29.9,0
101449.96,33,3.14,4.04,3,0.6,6,61.4,0
61640.36,9,2.46,3.14,0,1.5,9,22.3,0
50787.36,18,3.39,3.74,6,6.7,1,9.6,0
57774.71,62,2.76,2.77,4,10.2,21,81.1,0
58981.07,23,3.29,3.38,9,0.4,11,3.3,1
29957.04,57,2.26,3.2,6,11.6,19,37.7,0
108877.13,30,3.82,4.15,6,0.3,27,47.7,0
60872.1,47,3.3,3.82,5,5.0,3,38.7,1
71481.99,15,2.4,3.03,5,0.1,15,17.2,0
87607.33,43,3.49,3.1,4,13.2,11,25.7,0
39796.53,6,4.75,3.48,4,2.2,6,30.0,0
72358.54,24,2.56,3.39,7,5.2,15,32.3,0
53795.42,63,3.81,3.3,7,1.0,24,16.5,0
84011.44,32,3.53,3.25,1,1.9,12,47.8,0
25568.31,17,3.52,4.47,2,6.9,12,32.6,0
57547.29,60,3.92,3.18,10,18.1,10,82.8,1
47045.56,93,2.98,3.71,7,24.2,22,25.4,1
71175.59,27,3.32,5.0,5,8.3,16,6.3,0
72259.4,10,3.28,2.91,5,9.4,10,21.1,0
45114.08,32,2.52,3.63,8,17.4,0,6.0,1
45032.08,49,3.57,3.67,7,0.2,18,63.3,1
57281.55,28,2.91,3.49,4,0.9,28,32.7,0
41828.91,6,4.66,3.53,7,0.3,6,29.4,0
83850.73,46,2.79,2.88,5,3.5,8,62.7,0
51653.7,20,2.14,3.75,4,15.9,4,33.5,1
18717.32,24,4.1,2.21,5,4.4,24,46.6,0
51537.82,10,2.6,4.76,4,4.1,10,44.5,0
39520.8,4,2.23,4.7,5,8.8,4,48.1,1
31178.68,14,3.51,3.27,6,13.2,14,82.0,1
36498.61,22,4.27,4.24,4,6.0,21,30.4,0
62552.62,22,3.79,3.29,6,11.3,21,81.6,0
101870.36,71,2.74,3.51,9,1.0,9,9.1,0
67864.87,16,3.3,3.02,4,3.5,12,39.5,0
46976.31,55,2.97,4.07,6,2.3,10,37.2,1
71851.85,34,4.53,3.09,2,2.0,34,36.9,0
49829.57,77,2.85,4.05,8,1.2,8,36.0,0
45349.75,30,3.28,3.47,2,11.2,22,48.7,0
37731.66,7,3.34,3.49,3,3.0,7,24.3,0
29710.88,28,2.27,2.46,4,3.8,13,20.3,0
51227.44,5,3.05,3.54,5,1.6,5,25.2,1
63781.69,14,3.06,2.7,7,16.5,14,52.8,1
57604.19,29,4.3,3.54,4,4.7,21,19.4,0
50696.55,29,3.36,4.86,11,0.0,26,54.5,0
41015.35,54,2.9,2.53,2,1.6,40,49.7,0
76366.43,41,3.08,3.4,6,36.7,17,15.5,1
35353.31,73,3.15,3.06,3,18.4,72,60.5,0
81667.48,53,3.17,2.77,3,3.9,53,38.5,1
40099.26,50,3.94,2.95,5,4.2,11,82.5,0
44312.67,89,3.98,4.53,5,11.6,7,11.5,0
33299.11,52,2.41,4.72,7,6.2,4,48.0,1
48993.32,66,4.05,2.77,6,13.5,5,47.4,0
88444.01,10,3.8,3.78,4,3.3,10,70.8,1
73589.03,26,3.16,2.86,3,18.6,26,31.5,1
88554.09,40,2.02,3.03,7,3.9,1,60.1,1
73781.04,33,3.37,2.07,3,5.2,4,100.7,0
38504.56,19,2.92,4.99,3,0.4,19,20.8,0
52453.6,50,3.64,4.27,4,4.7,7,23.8,0
43823.28,57,3.72,3.04,5,7.3,31,26.1,1
101949.2,30,4.26,3.7,5,2.9,30,30.5,0
37096.75,27,2.35,3.22,8,3.5,17,18.2,1
85603.3,23,4.91,4.16,10,2.5,11,25.2,0
85577.83,51,3.92,3.26,6,17.4,24,35.9,0
124473.5,26,3.77,3.36,7,3.2,13,65.5,1
50824.07,32,4.73,3.04,5,0.7,9,38.1,0
79612.7,62,3.45,3.92,5,0.1,4,15.6,0
149142.98,38,4.03,5.0,2,7.4,20,73.5,0
46767.48,32,3.34,3.3,1,4.0,16,52.6,0
32402.27,22,3.87,3.29,5,0.0,15,61.0,1
28225.92,31,4.13,3.48,4,2.4,9,31.0,0
79625.11,19,4.05,3.68,0,12.3,13,39.0,0
28190.49,36,1.99,3.29,4,14.8,36,58.8,1
51589.45,23,2.87,3.23,5,0.3,17,37.2,0
71319.52,25,4.14,3.56,6,0.7,18,49.0,0
64477.41,31,3.6,2.27,4,0.0,10,15.9,0
70981.74,78,3.16,3.12,7,10.2,24,17.9,0
65441.77,39,3.61,2.1,3,0.4,36,61.7,0
99862.18,14,2.32,3.16,4,0.6,9,87.5,0
40907.69,26,3.83,2.84,4,1.3,24,17.1,0
45670.23,22,3.5,3.94,8,12.5,18,18.1,0
43955.64,21,3.27,2.99,3,5.8,9,40.7,1
83456.16,22,3.06,3.24,5,4.8,2,40.7,0
85833.05,27,3.38,2.0,7,7.7,19,43.3,0
71717.5,20,2.98,4.22,5,5.9,17,24.4,0
96124.3,20,2.94,2.74,5,6.9,12,37.7,1
37375.98,22,4.63,3.16,6,0.4,18,56.7,0
116644.91,21,1.93,4.04,4,4.5,15,35.0,1
110116.64,18,1.95,4.05,5,7.0,14,50.5,0
80358.15,45,3.83,2.72,8,4.2,15,54.8,0
122115.13,25,2.22,3.87,5,0.1,25,56.6,0
30864.15,28,1.6,2.7,2,1.2,9,17.7,0
48543.75,26,4.01,3.66,7,16.5,13,50.2,1
44617.37,21,4.21,2.95,3,6.1,6,14.3,0
79904.84,17,2.15,2.79,4,5.8,17,50.7,1
39337.9,47,1.76,3.52,4,5.4,19,50.6,1
81064.31,18,2.22,2.99,3,0.7,13,116.6,0
103591.9,19,2.64,4.91,7,0.0,9,33.5,0
79069.39,55,4.73,3.07,5,2.9,21,31.0,0
67070.56,22,2.86,2.67,1,2.9,10,18.9,0
40329.99,31,3.87,2.87,3,8.4,12,16.4,0
42670.35,25,3.78,3.49,5,1.0,13,43.7,0
98700.72,31,4.26,3.58,7,1.6,20,39.4,0
81776.04,70,2.7,3.72,6,0.4,6,22.9,0
58946.89,19,3.19,4.14,1,2.6,19,51.3,1
50657.18,45,3.02,2.33,2,1.5,10,28.0,0
26626.89,47,3.63,4.17,2,1.5,8,29.1,0
39013.34,45,4.17,2.86,4,1.5,30,49.0,0
128613.57,68,4.94,3.78,4,1.3,21,11.1,0
35875.78,6,2.89,4.7,12,1.9,6,58.6,0
64588.52,12,3.31,2.94,3,3.8,12,5.9,0
89588.08,17,3.89,2.91,4,2.9,17,11.0,0
36244.07,23,3.69,2.78,9,0.3,11,27.5,0
64465.42,36,4.57,3.26,6,2.8,6,8.1,0
87130.84,18,3.11,4.39,4,9.4,18,14.0,1
60174.25,18,2.88,2.72,5,0.5,18,24.7,0
188595.77,33,4.3,3.15,0,14.4,19,4.9,0
30716.66,42,3.44,4.18,9,1.8,24,12.4,0
91444.86,31,3.63,3.94,4,0.1,31,27.4,0
55875.39,43,3.14,3.15,3,1.5,22,35.5,1
81533.4,10,3.94,3.35,4,0.4,10,42.3,0
71433.55,20,2.51,4.14,9,4.2,17,30.3,0
44655.71,17,2.83,4.61,6,1.9,7,2.6,0
65617.56,22,1.08,4.69,5,8.2,20,40.2,0
28476.64,30,2.7,4.47,4,6.6,17,62.5,1
76213.89,8,3.95,3.03,5,3.2,8,23.4,0
67458.2,22,3.24,4.77,5,4.1,11,49.8,0
77301.15,20,2.46,2.98,6,4.7,5,19.9,0
91422.54,11,4.34,2.34,3,1.6,11,34.7,0
69358.77,44,3.31,3.58,4,0.8,23,48.3,0
63527.98,31,4.56,4.53,1,2.4,31,20.0,0
42090.3,22,3.89,3.96,2,0.5,17,32.6,0
45031.24,75,3.35,3.45,4,1.9,6,39.2,0
96249.0,12,4.67,3.7,4,4.0,10,33.9,0
106354.61,77,2.9,3.87,6,3.9,37,30.2,0
54434.63,27,2.32,3.6,3,0.6,5,23.2,0
60986.09,19,4.48,3.29,6,0.0,4,70.6,0
41695.74,23,3.68,2.98,5,0.5,23,74.2,0
95712.36,24,4.32,3.58,0,0.2,13,48.1,0
78132.92,83,3.91,3.41,3,2.6,41,19.7,0
130155.74,37,4.51,3.5,3,2.5,33,40.8,0
42136.55,15,2.79,4.23,8,1.4,15,35.2,0
51472.18,47,3.05,3.33,5,1.2,8,18.1,0
65681.88,24,3.04,3.35,6,2.5,6,11.6,0
77543.61,3,3.05,3.63,5,0.5,3,21.5,0
54925.5,46,1.95,5.0,2,1.2,21,21.2,0
42227.02,47,3.33,2.74,7,2.6,21,49.1,0
85183.5,25,3.83,4.26,4,0.5,24,45.2,0
79893.85,20,2.66,3.29,6,9.2,20,136.0,0
41501.73,50,2.47,3.46,6,5.6,18,55.3,0
102968.37,20,3.09,2.58,6,2.4,17,41.4,0
95614.47,56,3.83,4.82,6,0.8,7,27.6,0
63178.45,20,2.34,3.66,5,1.1,6,37.2,0
61811.16,29,5.0,3.96,5,0.6,9,12.0,0
74728.97,39,2.16,2.45,7,0.9,38,11.0,1
42417.61,34,2.74,3.05,5,2.7,9,46.2,0
60597.72,19,4.11,3.79,7,1.4,17,23.0,0
25312.32,38,3.97,3.39,5,10.8,11,44.9,0
85014.94,46,3.9,3.81,7,16.2,10,40.9,0
32061.23,15,2.65,4.97,7,5.9,8,26.2,0
109247.14,39,2.8,3.85,4,8.3,39,65.2,0
52467.64,28,2.51,3.19,7,1.5,12,9.4,1
55013.46,16,2.94,3.04,3,5.5,6,7.6,0
46579.06,37,3.51,2.96,5,0.3,5,19.9,0
53358.28,49,2.51,3.2,11,16.1,21,61.9,1
105599.88,21,1.8,3.23,4,5.5,12,20.4,1
22134.14,38,4.14,3.58,4,1.9,31,28.4,1
99786.3,24,3.06,3.87,6,7.4,1,23.2,0
68542.51,43,3.8,3.8,4,0.1,16,54.1,0
36945.21,54,2.95,3.59,5,2.4,8,48.4,0
38943.81,35,3.63,3.64,7,11.3,29,27.9,0
117073.5,45,5.0,5.0,4,1.5,21,19.6,0
41019.27,50,2.29,2.99,3,5.5,17,18.4,0
37746.94,21,2.58,3.47,7,2.2,19,15.4,0
94365.03,24,2.48,2.25,2,2.5,18,15.7,1
68557.02,38,4.88,3.23,1,6.9,1,70.7,0
41143.85,61,3.19,2.87,2,12.1,12,70.1,1
65293.64,14,3.91,2.99,3,0.9,14,33.6,0
39723.53,41,1.08,2.67,2,1.6,13,8.0,1
92997.56,58,3.5,2.55,8,3.3,8,57.8,0
91541.56,28,2.91,3.59,2,4.8,11,80.4,0
74072.71,30,4.31,4.0,7,3.2,30,21.6,0
69193.65,30,3.73,2.96,2,8.2,1,27.2,0
121112.51,29,2.86,2.08,5,7.3,25,73.7,0
59866.63,19,4.46,3.58,4,2.6,19,12.3,0
37318.72,28,4.54,3.83,3,0.2,23,65.2,1
71667.28,19,4.4,3.97,0,1.1,6,109.1,0
137918.58,44,3.81,2.79,2,3.3,10,55.8,0
39898.59,9,2.98,3.08,4,13.1,9,42.2,0
51813.96,49,3.39,2.72,6,4.2,13,31.0,1
70726.7,53,2.87,2.98,5,3.8,24,26.8,1
58596.96,34,3.38,2.95,5,6.4,7,44.2,0
40419.94,74,2.72,3.14,3,0.8,30,71.2,0
93783.4,39,3.06,3.32,5,0.8,26,137.1,0
151450.83,37,4.91,3.58,5,2.1,4,16.3,0
64760.59,9,3.45,2.91,8,26.3,6,54.0,1
41704.85,55,2.86,3.4,4,10.4,4,30.1,0
32222.36,17,2.32,2.87,4,5.7,10,48.2,1
66382.61,16,3.12,2.27,4,2.5,16,13.0,1
93111.31,35,3.8,3.88,7,4.0,7,85.7,0
72407.64,19,3.31,3.04,8,1.8,19,17.3,0
59816.6,27,3.16,2.29,10,5.6,16,26.8,1
47301.22,58,3.54,3.89,6,2.7,4,53.3,1
38682.19,69,3.52,3.32,3,0.6,8,13.0,0
83608.51,21,3.76,3.82,5,1.2,11,26.2,0
86293.42,28,3.79,3.79,4,4.7,14,29.3,0
32264.02,96,3.13,2.73,2,5.9,8,4.4,1
113089.59,69,3.09,4.15,4,0.5,41,16.2,0
75329.6,51,3.2,2.22,2,8.3,33,28.4,0
104803.02,19,3.65,3.22,6,8.7,19,21.4,0
35001.59,22,4.1,3.18,6,6.4,14,56.1,0
34671.4,50,2.93,2.96,4,5.8,27,38.6,1
56410.6,8,3.07,4.36,3,1.3,8,8.0,0
73211.94,56,2.55,3.71,6,12.6,8,20.0,1
122828.5,63,2.0,2.51,7,1.6,16,13.6,0
79414.13,26,2.21,2.62,8,1.0,18,19.0,0
54335.2,70,2.4,5.0,2,5.1,21,38.9,0
39713.73,40,2.67,3.17,4,2.3,25,70.7,0
97929.22,14,3.57,2.94,1,13.5,14,18.5,0
40705.47,33,2.34,4.31,3,3.1,33,51.3,0
114850.6,20,3.21,2.26,5,0.9,20,17.6,1
53436.33,35,3.87,4.47,5,15.8,11,4.3,0
113123.21,14,2.54,2.94,6,3.6,14,28.5,0
78556.43,73,2.81,3.86,4,3.7,21,29.0,0
56681.42,43,2.14,3.16,5,2.4,12,13.5,1
48641.94,24,2.44,2.4,5,9.0,23,20.2,1
52241.73,36,4.3,3.62,7,1.7,13,34.0,0
71063.33,31,3.6,4.16,2,0.1,26,61.6,0
61750.82,74,4.92,1.86,6,3.4,37,27.5,0
47215.4,30,2.61,2.69,4,13.0,8,58.6,0
56035.88,35,4.41,4.37,4,1.6,26,20.1,0
61785.92,12,2.62,3.78,3,1.5,5,32.6,0
25552.91,35,2.8,3.82,4,6.7,19,39.5,0
71916.95,39,5.0,4.15,11,7.5,18,31.6,0
40461.72,16,2.53,3.83,3,2.9,15,29.6,0
37747.22,47,4.47,3.6,2,9.0,18,56.5,0
30487.2,7,3.17,4.28,5,0.9,1,39.7,0
29215.16,28,2.34,3.23,2,2.3,5,59.6,1
34815.61,12,2.06,3.49,5,2.6,12,34.3,0
45088.91,32,3.28,4.08,9,1.9,7,21.9,1
130784.17,25,2.3,2.96,7,1.2,17,4.1,1
48515.96,41,2.96,4.5,6,2.1,24,9.4,0
64286.19,30,1.68,3.7,11,0.1,30,51.4,0
70276.49,40,3.48,2.7,2,6.1,15,37.1,0
63096.85,33,1.97,3.36,7,5.8,27,20.7,1
58047.83,57,3.15,2.53,6,3.0,17,50.5,0
37118.93,53,2.09,3.56,5,1.9,19,57.0,0
106977.2,20,4.18,3.23,4,2.8,3,31.0,0
123362.03,55,1.51,2.89,7,13.8,12,24.9,1
30544.4,39,2.97,2.25,5,4.6,6,47.6,0
39750.93,60,3.65,2.95,4,6.6,24,38.1,0
53534.19,16,3.49,3.37,3,1.3,10,23.0,0
40708.2,13,2.2,3.24,7,0.5,3,38.5,0
73305.16,14,1.81,2.51,9,0.4,14,33.6,0
44743.04,70,3.83,3.51,2,3.2,5,6.5,0
142346.92,61,3.1,2.81,7,6.3,2,48.4,0
96395.95,53,2.34,4.15,3,7.4,2,76.6,1
65187.93,12,3.85,4.25,6,6.4,12,39.9,0
90291.13,53,2.75,3.32,6,12.2,7,39.4,1
93186.69,13,2.67,4.6,3,0.3,10,30.9,0
47782.8,3,2.51,3.4,11,9.7,3,6.0,1
43196.43,24,2.59,2.59,6,5.4,24,18.2,1
61775.2,28,2.56,4.33,6,1.0,14,17.9,1
84512.48,65,3.46,4.63,4,5.7,5,26.5,0
63298.96,16,4.44,4.2,4,3.6,14,19.3,0
31863.02,100,2.08,2.97,5,2.2,11,31.1,1
43428.46,35,2.93,2.64,4,1.4,3,2.8,0
58128.47,29,3.07,3.25,7,3.1,11,21.4,0
58089.13,29,3.57,5.0,6,1.4,25,14.0,0
131796.83,13,3.99,2.68,11,0.4,13,57.8,0
34392.88,26,3.07,4.07,1,9.4,6,85.2,1
73294.12,37,2.69,3.44,4,4.5,35,10.4,1
108623.74,53,3.66,4.16,8,2.3,11,68.3,0
148535.59,25,1.89,2.62,1,3.0,25,29.3,0
50931.71,35,1.48,3.33,3,10.0,6,46.6,1
72880.16,49,5.0,2.87,17,1.9,32,34.9,0
75199.82,24,2.55,2.91,5,2.4,19,80.3,1
64743.77,55,2.87,4.02,5,7.3,32,19.5,0
57553.02,43,3.64,2.72,10,1.1,21,46.9,0
71281.36,51,3.48,3.7,5,5.4,14,38.3,0
21744.18,8,3.91,3.54,6,2.8,6,43.3,1
78655.1,26,3.95,2.83,2,3.5,26,63.3,0
62973.62,21,2.05,2.98,3,7.7,8,43.4,0
54776.14,7,4.22,3.73,3,24.9,7,19.7,0
135773.71,80,3.61,3.48,10,8.9,20,41.9,0
45707.9,53,3.5,3.53,5,0.9,19,25.6,1
50958.64,11,3.54,3.34,6,1.3,11,53.6,0
132802.9,66,1.41,3.29,5,2.6,30,38.8,0
42923.53,31,3.03,3.48,1,6.4,31,11.4,0
48047.91,41,2.43,4.51,2,3.6,35,12.4,0
56454.47,21,2.31,3.87,6,11.6,21,45.0,1
83808.84,55,2.81,3.41,10,0.2,34,65.8,0
65063.63,30,3.86,2.74,5,1.5,4,50.7,0
35701.57,42,3.43,3.21,6,1.2,23,24.6,0
48394.07,59,3.55,2.86,3,6.8,9,60.8,0
46960.32,46,2.84,2.94,3,3.1,22,24.0,0
58053.0,25,3.5,2.19,2,0.1,7,22.5,0
70993.06,30,3.04,3.49,2,7.4,21,46.6,0
70776.5,51,3.96,4.95,3,2.2,18,10.9,0
29424.86,2,3.76,3.64,8,1.5,2,71.8,0
91635.72,27,3.33,4.01,9,1.0,11,26.8,0
66239.19,32,2.56,4.17,3,14.6,12,57.5,0
104173.48,38,3.42,3.3,4,14.2,18,78.1,0
71516.2,21,3.39,3.35,8,0.4,5,20.9,0
93016.22,30,3.3,2.52,6,1.3,8,70.0,0
72158.34,35,2.82,3.64,7,5.2,27,16.5,0
102589.44,35,2.68,3.54,6,5.5,31,21.3,0
73784.23,34,3.46,2.9,4,2.7,27,21.3,0
57574.43,25,2.51,4.3,3,4.2,24,43.8,0
148594.13,36,3.0,2.96,6,6.1,9,20.5,0
85443.86,64,3.67,5.0,6,15.0,11,14.1,0
75319.76,30,3.55,3.78,6,6.5,30,27.4,1
35935.4,36,2.27,3.48,5,0.6,6,21.2,0
35763.28,30,3.44,4.86,7,6.3,30,74.1,0
67311.49,62,4.83,1.9,4,0.4,23,24.6,0
63462.76,27,3.74,3.3,8,3.5,19,49.9,0
46833.36,17,2.98,3.2,1,3.7,17,12.5,0
63347.65,47,4.25,3.37,8,7.5,20,29.7,1
113034.77,26,4.96,3.66,8,0.1,15,75.2,0
79075.71,45,3.89,3.35,8,10.4,8,50.4,0
37933.75,23,1.81,4.48,3,5.5,23,103.7,0
57262.23,15,3.69,3.8,5,0.2,12,21.0,0
43391.26,31,4.28,3.84,3,0.9,15,53.6,1
51273.02,11,1.55,3.82,3,0.2,7,1.9,1
50744.26,37,3.95,2.6,11,7.3,11,54.2,1
49461.1,50,3.04,3.64,4,0.9,22,30.5,0
36240.98,84,4.25,3.67,5,0.2,31,20.0,0
56893.6,23,3.14,2.71,4,0.7,21,15.0,1
47846.68,19,3.47,4.12,5,4.1,19,32.9,0
18549.92,49,3.49,2.07,8,3.4,23,85.7,0
136105.94,47,3.77,5.0,3,1.4,10,30.1,0
92550.33,49,3.56,3.47,7,14.3,16,30.2,1
51507.35,85,2.48,2.9,3,9.6,15,28.1,0
60326.55,32,2.99,3.93,2,1.9,20,18.5,0
37471.59,94,3.19,3.94,5,3.2,10,74.2,0
117982.21,25,4.18,4.93,3,3.6,25,56.9,0
127888.68,20,3.59,4.75,8,7.1,18,33.5,0
63747.01,19,2.67,2.57,4,2.8,19,8.2,0
90166.41,18,2.46,3.31,4,4.0,18,34.2,0
64222.87,87,3.72,2.86,8,2.7,1,25.1,0
35077.31,61,2.82,4.02,2,7.2,17,17.0,1
50780.65,83,3.8,4.49,8,4.1,11,31.9,0
63118.63,8,3.16,2.58,9,8.8,6,19.7,1
49920.2,13,4.37,3.46,3,0.3,13,31.4,0
54859.94,26,2.61,3.06,6,11.7,15,28.1,1
57724.68,24,4.35,4.09,5,8.6,24,14.8,0
57968.13,36,3.99,3.79,7,8.5,23,47.5,1
61138.89,32,2.85,4.32,4,0.8,29,47.7,0
39173.59,16,2.5,3.21,3,1.5,16,5.9,0
44944.94,22,4.74,3.42,5,19.6,12,35.9,0
35816.58,27,2.48,3.78,6,15.0,4,14.8,0
88532.61,14,3.45,3.31,5,1.3,11,30.5,0
25789.98,29,3.48,3.71,4,2.8,12,61.8,0
94981.38,15,3.21,4.39,4,0.8,7,7.2,0
104249.23,29,3.83,4.99,6,1.5,23,58.4,0
53057.3,17,2.46,3.16,1,1.0,17,3.1,0
21136.26,53,4.75,5.0,3,0.4,5,34.1,0
51817.11,40,2.54,3.15,8,4.3,15,21.7,1
58356.52,40,3.08,4.11,3,1.4,25,25.3,0
39965.05,47,2.05,3.15,4,24.3,7,19.2,0
48723.3,41,4.04,2.78,4,3.6,6,39.5,0
110423.48,53,4.71,4.36,7,2.2,28,64.7,0
78117.62,34,4.81,3.47,12,12.2,7,22.6,0
41364.34,47,4.11,4.4,2,4.8,8,24.6,1
31601.51,39,2.9,4.03,6,0.7,3,13.1,1
52532.8,39,3.2,3.79,8,3.4,10,20.6,0
54974.09,11,2.94,3.89,2,2.9,11,49.0,0
73019.34,16,2.23,4.26,2,7.2,4,43.8,0
48333.17,36,2.96,4.15,6,5.9,20,27.1,0
73467.6,19,3.93,3.22,1,2.3,19,30.0,0
129840.44,30,2.51,3.8,5,3.2,30,69.9,0
82967.18,22,1.38,4.55,5,3.7,22,62.3,0
58733.44,23,2.2,3.53,4,2.7,12,16.6,0
55644.57,32,3.85,3.15,3,0.6,13,70.4,0
51913.32,26,1.83,3.07,4,11.8,7,30.2,1
96014.68,66,2.82,4.09,6,5.6,5,43.9,0
46586.9,12,2.89,3.33,7,3.2,12,79.9,0
60967.07,43,3.41,3.75,3,4.2,25,92.0,0
61112.96,48,3.39,3.3,6,1.2,12,34.5,0
48985.83,68,3.52,4.32,4,3.8,5,56.4,0
34579.41,33,3.08,3.61,5,6.9,9,22.5,1
68131.15,45,2.44,4.5,8,3.8,40,59.0,0
58430.8,65,3.92,4.47,8,3.3,12,32.0,0
73137.48,21,1.79,3.44,10,3.1,19,49.0,1
48366.36,17,3.83,4.43,8,7.2,9,32.1,0
97570.31,33,4.12,3.26,7,7.0,33,13.6,0
42162.67,27,5.0,3.69,4,6.9,3,11.5,0
118754.8,46,2.6,2.95,2,1.4,10,26.0,1
29760.74,12,2.75,3.92,5,4.8,12,40.8,0
71247.0,63,3.24,3.71,10,7.5,38,24.6,1
72415.26,36,3.18,3.86,6,4.1,10,20.7,0
43554.89,27,3.87,2.55,7,7.5,27,38.9,0
70951.91,31,3.62,2.11,3,9.6,31,1.8,1
99888.26,55,2.92,2.71,10,1.0,32,42.7,0
24668.25,42,3.12,3.85,6,1.8,5,56.8,0
73210.78,31,3.95,3.97,3,4.6,31,48.2,0
22085.83,28,2.19,4.29,7,1.7,28,58.6,1
40689.86,28,3.01,3.22,3,14.2,28,10.8,0
114882.66,45,3.64,3.65,7,1.1,28,35.6,0
47443.14,26,2.35,3.01,6,2.2,26,43.8,1
37438.24,43,1.0,4.46,2,25.8,21,43.2,1
55316.41,18,4.36,3.0,7,1.0,18,35.3,0
136921.43,20,3.18,4.32,4,3.0,20,67.5,0
28776.87,31,2.19,3.32,0,1.9,1,83.5,0
39319.51,28,3.94,4.6,4,8.3,28,39.6,0
108985.78,21,3.03,3.63,6,1.8,8,31.2,0
125879.57,15,2.37,3.61,9,0.9,15,47.1,0
57447.54,19,3.5,2.97,2,13.5,12,37.3,0
36474.87,72,3.24,5.0,8,1.9,3,59.5,0
138460.09,20,2.71,4.19,2,6.8,20,40.3,1
113298.02,6,2.58,3.86,8,1.7,6,31.1,0
78556.92,32,2.38,3.67,6,1.0,32,50.5,0
43262.39,20,3.79,3.04,5,8.1,20,31.6,0
58711.35,26,2.2,3.97,5,0.3,19,11.4,1
56154.16,51,2.56,3.45,2,2.0,18,48.7,0
68346.15,27,3.28,3.54,7,7.6,18,68.3,0
106980.36,25,4.37,4.12,3,3.6,22,35.6,0
85115.7,21,3.31,3.7,6,5.8,5,60.2,0
38911.67,27,3.67,3.51,4,0.3,11,27.0,0
103839.17,39,3.28,4.5,2,6.9,21,65.4,0
67863.45,9,3.93,2.93,3,0.9,9,22.5,0
78812.45,13,4.75,2.34,5,8.3,2,40.5,0
107647.4,39,2.85,2.94,9,4.2,17,17.2,0
38382.92,32,3.21,3.61,5,6.7,32,39.8,1
59022.25,22,3.34,3.99,6,1.2,11,32.7,1
48407.89,41,3.62,2.98,7,2.5,17,6.0,0
31979.69,24,3.31,5.0,4,8.1,24,44.2,0
68781.08,51,2.77,3.63,10,12.1,26,23.9,0
163508.89,21,3.19,3.61,5,1.3,21,20.0,0
28680.39,17,5.0,2.6,10,7.9,4,55.0,0
59106.0,107,3.45,2.49,7,0.6,22,28.3,0
77359.38,45,1.67,2.25,2,2.8,24,23.1,0
62895.59,19,2.88,4.46,3,14.0,19,42.0,1
57225.15,25,3.21,4.35,5,14.5,14,30.6,1
35607.57,21,3.09,3.5,2,1.8,3,26.2,1
65717.12,10,3.15,2.65,1,1.1,10,9.4,0
44236.01,26,3.43,3.31,3,0.8,8,14.8,0
24935.09,34,3.61,4.5,7,3.3,4,20.5,0
96551.99,64,3.41,3.15,8,0.5,10,25.1,0
87847.21,29,3.96,2.87,9,2.2,29,10.4,0
61124.28,23,2.0,3.23,4,0.1,16,32.6,1
65619.61,68,3.0,3.29,0,1.5,42,56.7,0
92016.87,60,3.55,4.02,5,11.5,4,26.2,0
65495.44,34,3.4,1.95,2,3.0,10,25.3,0
85957.39,32,2.68,3.62,7,0.4,1,34.3,0
53157.11,39,2.77,3.01,4,5.2,5,66.1,0
101193.87,21,2.53,3.13,2,15.6,12,40.9,1
68071.53,31,3.98,4.03,3,3.1,5,27.8,0
64706.75,21,1.72,2.59,5,4.9,5,32.7,0
36025.26,61,2.17,3.63,5,12.6,30,93.9,1
67156.59,18,3.53,3.84,4,2.7,9,33.5,0
42925.36,35,3.63,3.91,6,5.5,6,111.7,0
46382.94,36,1.93,3.99,8,2.9,25,20.0,1
43210.97,64,3.7,3.9,5,16.4,5,28.0,1
39085.47,23,3.34,4.0,7,3.5,23,42.2,0
140071.54,20,3.61,2.88,1,10.8,3,22.7,0
101980.37,44,3.26,4.46,5,3.5,10,40.8,0
129074.75,40,3.54,2.67,2,5.5,18,27.1,0
36711.38,84,3.57,3.76,4,2.4,9,76.8,0
61605.2,34,3.58,3.02,5,12.5,2,43.8,0
35688.97,61,3.4,2.3,4,5.2,15,21.5,0
45329.9,57,3.13,3.1,5,0.1,14,76.8,0
41470.98,20,3.14,3.42,4,0.1,17,41.9,0
98305.34,11,3.38,4.47,5,5.6,0,36.1,0
51098.38,26,3.86,4.77,8,0.6,23,101.1,0
91798.55,49,4.77,3.41,3,6.3,34,7.2,0
76240.52,65,3.62,2.53,5,1.9,5,125.5,0
150460.44,2,3.5,2.59,9,3.9,2,77.4,0
33130.92,18,4.17,4.04,8,1.0,4,23.6,0
99081.03,39,3.52,4.0,8,1.4,17,23.1,1
94710.14,45,2.35,3.07,2,2.9,3,12.9,0
40564.5,16,2.61,2.68,10,5.5,16,26.7,0
89576.95,21,4.66,4.19,1,0.8,11,28.1,0
68491.02,10,2.63,2.64,0,1.7,10,42.9,0
54666.67,73,3.66,3.19,5,1.2,14,13.0,0
43063.27,35,2.41,3.83,1,9.9,25,39.1,0
44907.33,21,4.23,2.1,6,5.2,21,18.5,0
135934.01,59,2.83,4.17,6,3.2,19,27.7,0
59890.5,35,3.27,5.0,1,14.7,24,17.0,1
81867.06,64,3.02,3.58,7,6.7,58,18.0,1
43636.11,69,3.6,3.48,5,13.5,10,22.7,0
43829.34,16,3.34,3.53,5,4.6,16,9.1,0
92299.49,61,3.93,3.66,6,0.7,7,25.7,0
34897.47,59,3.72,2.99,2,5.6,11,32.8,0
50711.83,41,3.43,2.71,2,1.1,37,27.4,0
60694.66,43,3.72,3.25,4,2.1,29,86.4,0
62601.78,34,3.76,3.61,9,3.6,20,30.7,0
55734.95,14,2.88,2.8,5,0.9,14,27.1,0
70145.57,13,2.82,2.56,4,0.1,9,10.4,0
78995.19,74,4.44,3.19,6,2.0,26,44.9,0
80326.51,35,3.77,2.57,5,8.7,11,35.1,0
40363.39,27,3.52,3.97,10,0.1,15,72.1,0
53441.24,44,2.56,1.09,6,0.6,34,51.6,0
96558.58,20,1.77,2.68,11,8.2,20,12.7,0
85635.82,24,2.97,4.49,7,1.8,24,13.1,0
34573.96,32,2.84,3.34,1,13.9,21,55.6,0
68912.44,22,2.95,3.63,7,2.4,15,15.5,0
27138.53,42,3.88,3.41,3,8.0,22,31.1,0
61008.83,29,4.42,3.06,3,1.5,2,14.6,0
127913.15,41,4.09,4.27,2,0.3,21,27.1,0
40980.14,44,2.72,3.1,5,10.7,3,53.5,0
42884.72,58,3.63,2.92,6,13.1,10,56.6,0
81276.48,26,2.81,3.96,3,6.2,6,44.3,0
32301.84,16,1.73,2.15,9,7.3,9,29.1,1
46485.61,102,3.14,3.3,2,0.0,8,30.8,0
76006.68,64,4.21,3.14,3,7.0,30,54.1,0
46457.15,9,2.93,3.29,3,3.2,7,8.0,0
54481.26,111,3.87,3.16,4,3.0,0,17.0,0
80633.89,21,2.67,3.76,5,3.9,10,32.2,0
70871.13,29,3.75,4.27,3,1.6,21,37.5,0
66617.82,14,3.01,3.82,5,6.0,14,65.8,1
52279.05,34,4.42,3.26,4,1.8,34,23.9,0
69426.54,22,2.95,3.94,5,4.1,17,70.7,0
56982.92,15,2.77,4.02,3,0.7,13,51.3,0
71906.52,12,4.38,3.75,4,5.6,10,25.8,0
49081.0,19,2.74,4.23,7,1.1,15,16.5,0
55657.52,46,3.37,1.86,7,0.9,10,13.0,0
40296.38,42,2.74,3.52,4,0.1,42,46.7,0
59041.56,17,3.94,3.72,4,0.6,13,51.1,0
43286.65,25,4.24,2.46,7,1.3,25,21.6,0
38345.08,53,2.66,3.65,7,1.3,35,21.8,1
66400.81,26,3.64,4.14,5,2.0,26,50.3,0
65192.25,65,3.71,3.34,3,0.3,26,24.1,0
81891.42,96,3.3,3.96,2,13.7,19,20.9,1
50390.09,19,4.42,4.22,4,0.6,2,63.6,0
70489.65,21,4.41,4.44,1,6.1,21,13.0,0
74631.58,71,2.52,4.31,6,3.8,13,11.0,1
71532.67,25,4.17,4.46,5,4.0,21,128.6,1
43033.69,55,3.61,3.15,8,0.6,21,5.0,0
63560.37,35,3.4,3.23,10,1.4,14,28.0,0
69262.31,28,3.01,1.77,4,7.6,17,64.7,0
60046.31,45,2.01,2.75,5,3.1,17,30.7,0
25988.49,71,3.43,4.35,3,3.1,18,9.0,0
63843.87,60,3.45,3.08,5,3.9,11,29.0,0
145075.91,30,4.8,3.78,4,2.8,22,36.9,0
51843.47,36,2.66,3.67,6,8.2,9,57.3,0
44746.53,55,1.91,4.37,8,6.9,25,31.1,0
69517.89,37,2.26,2.09,2,1.9,3,9.0,0
67842.99,77,4.47,3.75,5,8.4,14,33.0,0
96480.29,5,2.84,3.74,9,3.7,5,21.5,0
36201.39,20,4.29,2.9,9,4.9,20,83.9,0
80221.92,43,3.21,4.17,10,10.1,14,36.7,0
75823.9,23,2.42,2.52,7,3.2,4,34.1,0
56564.76,72,4.8,4.25,3,7.1,8,37.6,1
68560.71,21,4.25,1.99,3,4.9,17,17.0,0
90380.43,34,3.06,2.87,7,2.8,21,26.7,0
84874.26,19,4.0,3.4,3,7.8,19,40.7,0
37903.26,30,3.3,3.65,10,0.6,12,54.9,0
83121.88,9,3.55,2.19,5,4.4,9,56.2,0
58344.74,12,4.61,4.23,5,0.2,12,47.2,0
61645.14,93,1.98,4.03,5,0.8,6,72.4,0
61653.1,32,2.91,4.83,4,4.6,32,31.9,0
56381.86,25,3.22,3.99,4,1.8,25,40.1,0
96440.64,14,3.47,2.98,5,1.5,10,31.3,0
57902.32,16,2.2,2.75,6,15.6,16,43.7,1
38260.82,87,3.93,3.21,7,2.3,28,50.2,0
51153.6,33,2.28,5.0,3,4.2,5,14.0,1
64310.48,59,2.2,3.53,5,3.8,30,22.5,1
97898.44,2,3.0,3.56,4,0.3,2,38.7,0
76209.23,22,4.72,4.47,6,5.6,8,17.7,0
42607.51,80,5.0,2.68,3,3.6,2,17.6,0
161793.48,23,3.59,3.88,2,2.4,14,21.0,0
66563.4,15,3.01,3.86,8,0.3,15,13.3,1
99723.47,41,3.33,4.17,3,1.7,41,14.8,0
56348.69,11,3.47,4.1,8,10.8,11,17.4,0
74112.81,9,4.37,3.46,4,1.0,9,17.4,0
83766.41,72,2.23,2.53,3,1.2,10,13.6,0
97467.85,19,4.16,3.1,3,1.1,19,41.6,0
91395.12,45,2.06,4.09,7,11.1,7,36.2,1
84870.24,89,2.82,4.8,1,6.0,46,60.5,1
52784.1,32,3.2,2.64,6,10.7,12,22.7,1
47633.98,44,3.53,2.6,7,12.3,8,14.1,1
68394.18,9,3.2,2.4,6,13.2,9,18.0,1
86964.15,18,3.34,2.96,6,3.3,18,59.1,0
54770.76,79,3.23,4.16,1,3.2,25,58.9,0
91680.85,25,1.98,4.42,5,8.8,25,43.4,0
107049.51,12,3.66,2.04,0,2.0,11,18.4,0
41500.95,43,3.85,2.66,5,0.1,5,23.4,0
42840.18,66,4.27,2.53,5,2.0,2,36.6,0
56604.85,23,4.68,2.89,5,6.3,5,28.3,0
67713.79,43,3.53,3.34,9,0.7,36,42.8,0
48541.44,54,4.33,3.22,8,7.7,27,60.1,0
102835.0,28,3.21,3.86,3,8.4,28,46.9,0
70942.63,25,2.04,2.15,3,0.5,16,28.5,1
60826.38,87,3.97,3.14,8,0.5,28,81.0,0
33712.91,13,3.79,4.46,8,1.1,13,63.5,0
35371.92,34,3.2,4.48,8,2.2,24,4.5,0
66997.04,29,3.15,4.67,3,3.8,9,14.3,0
25513.47,29,3.58,3.78,0,3.3,17,18.2,0
89774.38,52,2.93,3.04,5,9.6,26,26.9,1
56203.73,45,3.55,3.62,5,0.8,42,58.2,0
219089.85,38,2.46,5.0,3,6.0,38,17.9,0
150718.1,9,2.55,3.13,9,4.0,9,25.3,0
55682.45,17,2.14,4.78,11,6.7,17,40.6,0
57380.81,27,5.0,1.79,2,2.1,20,26.6,0
89164.0,33,3.26,3.9,5,3.2,13,60.9,0
118334.31,79,4.17,3.95,8,0.1,29,35.3,0
31094.57,33,2.32,3.76,4,0.6,8,34.4,0
29303.14,50,3.05,3.81,1,2.3,25,29.6,1
46685.37,30,3.64,3.87,6,3.3,24,17.1,0
75591.19,48,4.38,3.9,9,0.4,4,35.6,0
73039.04,32,2.72,3.27,6,8.7,6,13.3,0
91849.68,15,2.88,3.31,4,14.6,15,42.0,1
37053.61,44,2.57,2.55,6,4.5,22,60.5,0
23707.4,42,3.1,4.01,5,0.3,13,35.1,0
84390.13,11,2.38,4.41,5,6.7,11,40.1,0
42989.94,30,2.05,4.72,4,1.2,13,25.4,0
26704.97,30,3.41,2.93,7,6.6,25,59.7,0
63451.14,21,3.74,2.29,4,2.8,2,29.4,0
82229.57,14,2.29,3.76,2,0.3,8,42.0,0
57021.13,36,2.66,2.69,4,1.6,15,27.4,0
49854.33,74,3.12,3.9,5,2.8,35,38.7,1
56176.57,47,4.57,1.96,2,6.7,9,24.7,0
51625.29,10,1.0,4.26,1,0.7,10,44.8,1
34918.82,71,3.56,3.61,6,1.7,4,6.1,0
44986.95,65,3.74,2.16,9,0.4,18,45.0,0
73755.58,22,2.63,3.71,7,4.8,13,80.2,0
68095.84,10,2.92,3.57,6,3.2,10,50.7,0
64037.49,22,3.47,3.87,6,13.2,11,30.7,0
40212.8,24,3.18,4.06,5,6.7,17,28.1,1
55681.25,11,4.56,1.81,5,7.5,11,44.2,0
25063.65,36,3.28,3.17,5,0.9,36,21.7,0
64304.87,18,3.89,3.44,3,1.6,13,29.5,0
106036.97,13,3.56,3.29,3,3.6,13,17.3,0
33201.39,26,3.76,3.25,8,0.1,16,53.8,0
47364.53,73,2.58,4.24,5,10.2,0,31.0,0
68298.47,52,3.36,2.29,4,7.5,28,36.9,0
98828.08,40,3.15,3.3,2,0.3,19,16.3,0
50046.62,22,2.63,3.35,4,9.5,14,43.6,1
45392.4,11,3.94,3.42,10,0.0,11,25.5,0
27239.7,14,1.59,2.82,1,0.6,14,34.3,1
62403.41,50,4.28,5.0,5,0.3,18,30.2,0
135514.02,18,1.42,4.19,2,3.3,16,62.1,0
66899.27,34,3.08,5.0,3,7.7,11,16.3,0
59342.94,41,3.95,3.95,4,1.0,29,75.8,0
68106.84,9,2.25,4.03,4,7.4,9,25.4,0
59609.08,31,3.54,3.5,8,1.0,17,11.9,0
43251.81,39,3.45,4.59,3,23.3,17,33.0,0
83225.74,84,3.46,3.9,2,9.6,12,31.6,0
65532.7,34,2.92,3.37,5,6.7,0,15.9,0
60297.46,49,2.83,4.79,4,4.5,28,119.0,0
40532.26,22,1.94,2.59,5,1.4,22,59.2,0
100851.37,56,3.12,2.99,6,0.6,5,62.3,0
78110.6,12,3.93,5.0,4,3.1,2,60.5,0
47994.02,42,2.84,3.97,6,2.6,24,25.7,0
89386.95,35,2.88,1.66,6,5.6,22,103.0,0
49068.46,62,4.47,4.21,1,0.9,7,44.4,0
43791.66,41,3.07,2.78,2,4.1,14,34.8,0
44184.03,27,3.48,3.1,2,5.9,16,21.3,0
29483.1,56,3.63,5.0,3,1.8,15,33.5,0
72302.71,40,3.07,4.66,5,7.6,15,28.8,0
28783.05,15,3.75,4.9,7,2.8,15,41.6,0
36629.99,28,3.99,3.07,1,0.9,26,23.4,0
26101.94,14,3.92,3.3,3,1.1,11,58.8,0
57847.88,39,4.01,3.65,3,1.6,35,27.0,0
56380.12,41,1.53,4.11,5,0.9,21,31.9,0
52539.55,77,2.26,3.26,7,4.1,46,26.0,1
39457.09,28,2.79,4.81,7,14.9,22,36.5,1
37462.9,25,2.56,3.84,5,11.3,9,46.8,1
72095.57,10,2.62,4.54,6,2.0,10,88.9,0
48039.52,28,3.91,2.95,6,10.0,15,27.5,0
67951.08,26,3.29,3.21,3,15.4,26,28.3,1
42019.98,33,3.09,3.67,6,1.7,4,32.6,0
64371.42,25,3.02,3.18,5,11.8,10,17.6,0
100842.1,25,2.88,4.23,5,29.8,8,10.2,1
75694.92,33,3.01,4.25,5,8.0,27,19.6,0
50768.66,29,4.31,3.33,5,2.5,22,13.1,0
66361.98,25,1.79,3.96,4,4.7,11,25.1,0
54379.03,25,4.22,4.93,11,2.3,8,30.3,0
60063.17,90,5.0,4.23,4,27.6,12,14.0,1
52562.36,24,4.21,3.96,8,0.4,17,29.6,0
56064.94,27,2.41,4.41,4,11.2,27,36.2,0
65175.4,8,2.81,4.68,5,0.4,8,48.1,0
40241.6,56,4.03,4.56,5,0.2,14,25.1,0
39880.73,4,3.0,3.45,6,14.1,4,20.1,1
34357.75,16,2.8,4.13,2,10.1,16,17.6,1
31567.76,43,3.12,3.29,6,2.2,31,31.1,0
36793.88,8,2.3,3.46,9,15.8,5,40.7,1
63817.65,20,3.1,3.84,8,9.9,12,32.8,0
41893.46,30,2.24,2.49,5,11.6,26,27.5,0
73529.78,29,3.78,3.76,9,4.5,19,90.8,1
60711.32,19,2.52,3.02,6,15.9,7,39.0,1
27244.26,49,3.24,2.67,3,8.3,9,23.7,0
77807.28,51,2.84,4.06,8,14.1,22,30.2,0
82811.27,44,3.51,3.32,3,1.7,4,12.1,0
40233.49,23,3.86,3.65,3,3.8,22,45.7,0
70832.74,34,3.43,3.33,6,10.1,21,25.3,0
42506.01,21,2.64,3.07,6,4.3,1,28.9,0
62259.61,107,2.75,3.58,3,8.1,7,42.7,0
36105.51,38,5.0,2.55,3,18.1,14,43.4,0
29224.35,23,3.96,3.43,7,8.2,23,50.3,0
51373.26,96,3.04,4.89,4,1.9,13,8.4,0
56983.01,25,2.74,2.66,4,0.6,5,24.8,0
51068.75,37,2.05,4.5,7,1.6,19,17.7,0
37286.54,50,4.1,4.96,4,5.4,3,41.4,0
51023.44,22,2.63,2.95,8,0.1,9,42.9,1
66683.84,21,4.04,3.73,4,1.1,12,24.9,0
58808.57,55,3.86,2.59,6,2.0,19,53.8,0
64408.47,50,4.28,2.49,2,10.4,5,33.6,0
45796.09,50,3.81,3.62,6,0.3,11,72.5,0
95672.59,41,3.03,3.79,6,0.3,8,9.2,0
37403.92,90,3.21,3.1,4,4.0,7,32.3,0
72767.46,32,3.22,2.71,7,1.0,12,30.3,0
96062.71,18,2.99,2.95,2,1.4,14,19.0,0
72574.09,13,1.9,4.12,6,1.0,9,45.7,0
55215.02,24,1.48,4.13,6,4.4,24,53.1,1
48469.07,1,3.81,3.95,8,0.3,1,7.6,0
90620.44,67,3.06,3.23,3,14.1,46,54.6,0
33887.79,40,3.97,2.75,4,0.7,9,76.1,0
40617.34,18,2.9,4.42,4,15.1,18,38.5,0
51071.24,57,3.2,4.65,5,7.5,1,16.3,0
98229.47,13,3.94,3.13,2,8.8,5,51.1,0
69696.62,16,4.44,3.39,0,0.9,16,16.1,0
40651.12,33,2.95,2.47,3,5.5,20,61.7,0
52885.1,72,2.4,3.87,5,8.5,10,13.3,1
46829.6,40,4.17,4.95,5,4.1,26,60.7,0
45075.06,2,2.97,4.16,10,4.0,2,11.8,0
88570.65,16,2.81,5.0,7,0.9,16,28.0,0
34589.41,18,2.88,3.23,5,2.7,18,47.9,0
113949.69,36,2.63,2.58,3,0.8,22,54.0,0
83390.68,11,3.82,4.55,8,18.0,11,52.4,1
92627.81,12,2.13,3.62,1,5.8,12,79.3,0
49752.91,26,3.28,2.87,10,0.2,7,51.0,1
56388.68,46,3.4,4.81,1,3.2,32,16.1,0
33750.12,48,2.72,3.08,4,5.1,3,17.2,0
48539.59,33,4.47,2.72,6,0.5,21,37.7,0
72945.07,52,3.92,3.92,5,5.5,10,23.8,0
100551.49,112,2.84,2.59,7,1.0,15,50.5,0
38450.9,78,3.12,4.22,8,2.6,17,32.0,0
51730.23,22,3.92,2.69,3,4.9,22,46.8,0
56358.05,11,3.26,3.68,5,2.3,5,24.0,0
34258.31,24,4.32,3.72,8,2.4,18,55.8,0
75852.03,16,3.65,3.69,7,9.3,16,30.9,0
44819.74,41,3.4,2.6,9,1.8,11,46.4,0
55372.8,13,3.4,3.36,2,5.3,8,39.3,0
49972.11,30,5.0,4.46,8,9.5,30,34.6,0
43663.36,16,2.39,3.36,3,0.8,0,20.7,0
59705.65,25,2.32,2.69,4,0.2,14,16.2,1
54926.77,31,3.01,3.19,2,8.7,23,76.4,1
51598.96,45,4.32,2.62,7,4.0,12,41.6,0
44739.65,31,1.23,1.97,2,8.8,31,24.0,1
68037.2,21,1.68,3.38,4,1.2,21,20.7,1
116011.77,50,2.88,3.57,4,8.9,30,25.6,0
63319.9,32,4.9,3.99,4,0.5,3,33.0,0
89183.14,22,3.22,3.83,6,10.7,22,50.4,0
34334.68,46,2.27,3.93,8,8.6,33,11.6,1
63774.24,36,3.86,3.47,1,4.2,10,13.6,0
38601.74,43,4.53,4.99,2,4.7,23,25.8,1
33164.33,60,2.69,2.91,2,2.1,13,31.7,1
44544.83,14,3.56,3.28,1,1.1,11,34.7,1
96448.04,107,3.33,4.66,4,3.0,10,64.8,0
87553.59,41,3.66,3.23,8,5.4,10,25.9,0
65986.26,14,2.83,3.42,2,32.4,1,5.9,0
32432.61,65,3.7,3.78,2,8.5,9,29.2,0
55353.09,19,3.87,4.32,5,2.8,19,59.5,0
67553.83,79,3.77,3.6,3,6.8,16,44.0,0
64229.28,15,1.9,2.88,4,0.6,15,19.8,1
28637.79,30,2.05,3.21,6,2.7,13,6.3,0
41934.87,50,2.65,3.88,7,2.8,28,55.6,1
58359.0,46,3.41,3.29,7,33.7,46,65.8,1
74199.77,38,3.65,3.17,2,2.5,13,13.0,0
24873.27,56,2.36,2.85,7,0.4,18,41.1,1
56114.55,23,3.46,4.34,2,0.3,23,50.6,0
63400.02,58,3.96,3.41,3,6.0,29,5.4,0
84106.98,20,3.73,3.42,4,1.7,12,46.8,0
78995.25,74,2.83,3.98,1,10.2,37,46.0,0
75586.16,21,2.91,2.55,3,3.3,8,64.1,0
43478.59,12,2.16,3.53,9,2.0,12,25.3,0
27911.64,47,4.59,4.55,0,7.1,31,16.3,0
51163.36,35,3.58,3.46,2,2.7,3,45.8,0
89380.05,39,1.91,3.65,6,6.7,7,53.4,1
104545.93,25,4.18,3.64,3,6.3,14,27.2,0
79556.25,42,3.73,4.24,5,6.4,22,48.5,0
71092.44,70,4.16,3.64,6,9.7,42,42.1,0
69693.05,38,2.75,5.0,2,9.4,7,97.0,1
47932.67,10,2.86,3.66,6,5.5,10,56.8,1
56838.88,31,2.55,3.19,7,15.7,28,20.5,1
116731.05,41,4.89,4.56,8,0.1,10,36.6,0
41067.68,77,2.8,3.35,5,13.3,0,41.3,0
114223.41,48,2.44,3.08,5,0.8,9,32.0,1
52637.75,18,2.68,2.67,8,1.2,10,45.1,1
101739.7,30,2.94,3.84,8,8.5,12,52.4,0
34107.55,50,4.44,3.18,8,2.6,8,60.9,0
75687.0,43,3.42,2.96,5,2.8,12,31.0,1
44591.21,44,4.19,3.1,5,1.5,14,36.2,0
33992.43,12,3.43,3.25,5,1.3,12,24.5,0
65343.52,46,3.06,4.08,5,0.6,37,29.9,1
89660.78,36,2.37,3.84,5,1.1,4,110.9,1
42702.96,48,4.48,3.4,7,4.2,35,18.0,0
32872.56,35,3.99,3.89,6,6.1,14,58.4,1
57714.41,29,4.07,3.43,2,6.7,17,34.4,0
57816.29,59,3.94,3.64,2,2.3,18,28.4,0
74557.64,41,2.63,3.03,2,12.8,3,29.7,0
87538.84,14,3.41,3.04,4,2.0,10,5.8,0
58467.94,34,4.07,3.61,4,0.6,9,29.4,0
125768.89,26,3.96,3.61,5,14.5,26,17.1,0
65492.7,23,3.33,4.21,11,3.9,10,21.7,1
52126.53,42,4.78,3.85,5,17.8,18,46.2,0
31425.44,35,3.63,3.16,6,2.5,30,39.9,0
53902.72,42,4.26,2.6,3,7.1,11,54.4,0
52336.29,54,3.36,4.12,4,0.6,35,35.8,0
87914.67,30,2.9,3.73,7,9.6,2,40.2,0
72041.2,53,3.98,4.18,7,0.9,5,36.1,0
37356.13,21,3.79,3.82,4,0.4,9,30.0,0
64145.02,60,3.48,4.76,6,0.5,7,60.6,0
78324.24,22,2.52,3.35,5,4.1,22,59.9,0
110327.95,15,4.01,3.53,4,1.7,3,54.8,0
85391.48,39,2.57,4.05,1,16.2,22,31.3,0
81173.06,31,3.82,4.1,6,9.6,7,32.1,0
61330.61,33,2.32,3.73,4,8.1,1,53.6,1
69935.23,14,2.52,2.39,4,8.3,4,49.4,1
98696.22,14,3.43,2.26,6,11.1,11,15.2,0
35132.75,25,3.66,3.23,3,10.0,23,67.9,0
52063.75,47,3.37,3.52,2,13.2,5,42.0,0
43957.23,26,2.78,2.19,4,13.6,12,22.0,1
69679.49,15,4.09,3.48,8,1.8,15,25.0,0
97937.9,61,3.31,3.96,7,1.2,8,57.5,0
47155.71,14,3.35,3.46,7,5.2,8,44.9,0
23014.47,34,3.07,3.71,3,0.7,3,75.3,0
50772.58,47,2.62,3.91,0,1.2,2,74.5,1
86283.14,24,4.1,2.38,5,7.4,8,67.9,0
74239.52,47,2.69,3.96,6,5.2,34,34.7,0
71059.62,73,4.56,2.99,5,5.3,19,56.7,0
53530.28,46,2.54,3.33,7,15.0,12,97.4,1
35896.24,30,3.46,3.04,6,5.5,10,26.8,0
73579.21,33,3.26,4.25,6,2.8,3,41.2,0
42885.42,6,3.11,2.68,9,1.6,6,14.4,0
143435.21,22,3.75,4.47,7,2.1,22,44.1,0
75222.29,6,3.83,5.0,7,1.6,6,5.7,0
47464.66,17,3.63,2.41,2,0.2,16,9.4,1
46884.66,32,2.35,3.09,6,1.5,11,73.1,1
57689.03,38,2.26,3.93,7,9.0,13,13.2,1
54404.34,43,2.21,2.8,4,6.5,13,51.1,1
93595.12,86,3.0,3.31,10,4.9,37,37.3,0
64509.42,11,4.89,3.62,7,11.6,11,33.1,0
44682.95,17,3.16,3.0,4,1.5,17,32.2,0
127538.85,37,4.88,3.56,9,4.3,20,26.1,0
61066.78,50,3.17,4.16,9,0.2,8,41.6,1
81433.0,20,3.33,3.45,3,11.1,6,23.6,1
46943.94,35,3.68,2.77,4,3.0,35,23.7,0
69233.92,38,2.97,4.32,7,1.0,11,32.0,0
67808.58,77,3.38,4.47,5,1.4,9,20.0,0
28117.3,12,1.84,3.76,7,9.4,12,5.1,1
134069.02,42,2.49,2.81,7,0.6,1,51.1,0
100333.79,51,1.85,2.89,2,13.0,7,65.4,0
51078.65,44,3.78,1.84,3,2.3,4,45.9,0
38526.13,64,2.11,3.09,2,1.4,15,14.1,1
68804.51,15,4.33,4.25,4,2.0,5,3.1,0
61986.95,5,3.48,3.02,1,2.6,5,20.4,0
69028.01,62,3.97,2.83,3,4.0,3,33.8,0
64642.73,25,2.68,4.22,4,4.4,25,9.0,1
73313.23,30,2.3,4.31,3,3.0,30,55.1,0
106822.33,33,2.92,3.12,8,3.0,28,14.5,0
75149.99,34,4.05,3.86,2,1.7,34,49.7,0
39345.54,54,4.89,2.89,6,2.4,8,21.3,0
103262.04,41,3.61,3.26,7,3.1,25,30.1,0
115409.95,12,2.15,2.23,5,4.6,7,41.8,0
211255.31,30,2.42,3.75,3,0.7,5,21.6,0
38200.44,38,2.01,3.43,9,7.2,32,34.5,1
65983.03,43,3.1,3.03,8,5.7,16,76.1,0
26034.05,29,2.98,3.44,6,1.8,29,28.7,1
74701.81,22,3.09,3.35,3,3.1,19,29.7,0
48084.73,56,2.34,2.92,0,14.7,22,28.6,1
129233.78,24,2.26,3.78,10,0.1,22,36.5,1
43921.27,46,3.28,3.29,4,8.3,7,45.7,1
30464.79,53,3.59,3.41,2,3.6,49,54.9,0
49587.52,37,2.25,2.48,4,4.8,3,44.7,1
27168.27,20,3.58,3.41,8,5.8,7,24.5,0
80857.19,41,3.96,3.37,1,3.0,41,29.3,0
26211.85,27,1.34,2.92,3,1.1,27,20.3,1
60559.58,104,4.46,3.87,5,12.0,13,18.6,1
26078.73,51,3.76,2.02,3,6.7,28,11.9,0
52674.19,50,3.96,3.16,3,4.1,27,25.7,0
115537.6,61,2.38,3.72,4,3.0,24,26.3,0
69165.62,6,3.83,4.97,2,3.5,6,36.6,0
42387.24,30,3.92,2.54,3,8.7,30,44.4,0
59131.47,59,2.68,3.56,7,0.1,18,36.6,0
60307.2,22,3.82,3.88,5,10.0,5,23.1,0
72334.19,10,3.09,3.54,5,0.2,10,58.9,0
34657.06,34,2.71,2.64,5,4.8,22,5.0,1
75888.99,17,3.04,3.16,8,2.0,4,22.6,0
20297.3,19,3.33,1.79,8,5.7,5,51.9,0
46539.01,28,2.96,3.5,4,0.4,25,21.5,0
49251.27,13,2.57,2.51,11,4.1,13,24.0,0
77136.41,27,3.51,3.82,3,9.7,14,11.0,0
60418.6,37,3.65,3.04,7,3.4,22,62.5,0
34124.63,91,3.32,2.98,7,0.4,19,29.8,0
40376.48,23,1.91,3.62,5,0.2,10,33.4,1
64826.65,29,2.73,3.68,3,4.9,5,34.0,0
58010.14,45,2.52,4.11,9,0.4,20,26.5,0
47493.61,25,4.58,3.32,6,0.4,6,45.7,0
49398.06,21,3.29,3.43,5,2.8,20,42.5,1
79099.92,59,2.98,2.53,5,1.2,22,34.4,1
48675.1,74,2.75,4.51,8,1.1,12,16.8,1
57801.12,25,3.1,2.85,3,3.3,9,15.2,1
142625.08,21,3.8,4.01,6,1.6,21,40.6,0
33878.2,19,1.74,4.01,5,1.2,15,14.3,0
28545.74,46,3.38,3.78,5,3.6,46,33.4,0
81914.87,64,2.8,3.33,6,1.7,20,28.3,0
45640.14,40,3.54,3.25,7,0.4,40,35.1,0
52717.62,47,3.84,3.46,5,5.7,10,19.8,0
43806.5,57,2.64,2.17,4,4.4,8,63.8,1
53964.41,75,2.1,3.48,4,1.2,21,86.6,1
113483.79,41,2.96,4.54,5,4.4,21,14.8,0
82524.57,24,4.23,3.34,0,15.6,24,12.8,0
84532.34,49,3.87,3.48,7,15.7,14,12.1,0
33979.38,60,2.9,2.78,5,3.8,16,14.1,1
37780.13,27,2.69,3.63,3,0.5,12,13.1,1
19232.73,6,2.75,2.96,0,3.1,6,63.8,0
43314.71,24,2.16,4.09,12,0.1,8,25.4,0
87788.1,13,3.83,4.3,6,2.7,13,11.2,0
73627.85,4,3.97,4.45,1,12.0,4,17.2,0
54797.22,25,2.89,2.49,5,3.2,23,48.6,1
59342.43,30,2.8,4.01,3,4.0,6,28.7,0
45453.53,42,2.64,3.95,4,0.9,20,34.8,0
64984.47,47,2.84,3.21,5,0.1,30,34.0,0
81336.59,26,2.61,4.33,4,25.1,24,8.6,0
31371.19,44,3.08,3.79,4,2.1,3,19.4,0
67498.39,42,3.83,4.46,7,1.6,15,24.4,0
86940.04,42,3.75,2.61,6,4.2,13,14.6,0
50714.13,19,2.53,3.0,7,6.8,6,64.3,1
79243.47,49,3.32,3.57,5,1.4,4,24.2,0
184584.34,36,3.72,4.32,4,3.7,22,16.1,0
57426.6,31,2.45,3.82,5,2.0,20,90.8,0
70075.1,20,3.31,2.84,3,3.3,12,26.1,0
44568.26,25,4.17,4.74,7,0.9,20,13.3,0
64376.28,53,3.0,3.29,6,3.6,17,4.7,0
71977.49,44,1.59,2.86,3,0.2,2,43.1,1
64727.21,22,1.19,2.96,5,9.2,4,28.6,1
39819.89,35,3.45,2.57,7,4.9,23,59.1,0
65026.15,43,3.29,1.93,5,14.2,11,32.8,0
107460.47,23,3.35,3.42,7,4.6,23,94.2,0
71643.26,49,3.59,2.41,5,1.0,20,39.1,0
87973.85,9,2.02,3.72,4,3.3,5,37.8,1
54458.55,48,2.55,4.19,2,5.5,6,9.5,1
80818.41,47,3.54,3.76,4,2.3,5,20.7,1
66950.39,38,3.79,3.53,6,4.0,35,92.3,1
40930.7,28,2.99,2.42,5,0.9,28,71.1,1
68009.89,18,2.05,4.09,6,7.5,8,51.2,1
40268.36,33,3.47,4.86,5,12.0,33,36.3,0
46483.28,41,3.24,4.49,4,1.9,39,20.4,0
64584.6,49,2.35,2.57,2,7.9,49,50.0,0
67433.53,20,1.61,3.45,4,0.5,20,11.9,0
37209.04,25,3.66,3.3,5,1.4,25,10.6,0
91271.54,25,2.71,3.22,7,3.1,10,64.7,0
75267.41,11,3.35,3.52,5,2.4,11,15.5,0
45166.4,62,3.32,5.0,4,4.8,18,41.3,0
32369.31,65,2.28,3.58,6,4.1,16,44.8,1
56502.39,19,3.53,3.19,6,0.5,10,80.2,0
50092.3,81,2.51,3.71,3,0.7,5,32.8,0
62646.07,28,2.0,2.58,4,0.3,13,28.8,0
51779.69,49,1.9,3.0,6,15.2,9,20.1,0
26823.06,47,3.2,4.19,3,5.2,18,59.9,1
51259.76,4,4.48,3.63,6,9.7,4,20.0,0
52984.38,34,3.23,4.97,4,3.9,18,67.8,0
77146.73,18,4.63,3.69,5,1.1,15,35.1,0
45284.5,7,4.36,2.63,6,4.9,7,46.7,0
117180.4,36,3.61,2.39,1,3.5,24,9.0,0
27871.05,45,4.46,4.2,5,2.6,16,35.4,0
101160.84,22,4.37,2.77,6,2.3,14,112.6,0
54735.75,35,4.14,2.71,7,5.3,31,40.9,0
84443.16,64,1.69,3.14,3,4.8,10,16.5,0
61816.19,28,3.01,4.2,5,0.8,19,95.5,0
94449.65,13,2.65,3.24,2,8.5,13,15.3,1
51279.96,52,4.14,2.91,2,5.1,20,48.9,0
38582.41,26,2.95,4.35,7,3.8,2,20.1,0
105683.25,21,4.6,4.23,0,6.9,11,25.6,0
57217.08,27,3.28,4.67,3,0.8,1,40.5,0
65422.62,26,3.18,4.45,9,12.6,26,52.0,0
98115.51,9,2.9,4.24,7,1.6,2,32.9,0
39625.09,38,3.05,2.97,4,1.5,1,32.5,0
75977.79,38,3.41,3.96,6,8.4,23,41.6,0
47289.43,28,3.15,4.35,5,2.0,5,19.0,0
56790.95,36,2.83,4.8,5,8.9,12,33.2,1
61630.46,47,2.88,3.62,6,2.0,29,16.6,1
32856.71,38,4.66,3.16,5,4.0,14,64.2,0
43847.16,20,4.8,2.88,9,1.3,20,84.8,0
102788.54,18,2.82,4.19,6,6.6,18,29.8,0
85346.65,87,3.88,3.03,9,0.9,7,46.8,0
58392.58,38,2.54,3.58,3,11.5,38,31.9,1
65989.4,29,2.94,2.88,8,2.3,20,17.3,0
53226.04,44,2.33,3.39,4,3.2,22,40.4,0
103015.36,22,4.02,3.81,5,0.1,8,52.2,0
55263.0,52,3.59,3.69,5,18.6,9,21.6,0
65692.29,26,3.74,4.02,10,8.4,11,63.0,0
94694.58,8,3.91,2.54,2,3.0,8,18.6,0
43872.87,31,2.5,3.42,12,12.6,17,48.1,0
111693.71,16,2.94,3.17,4,13.4,3,46.3,0
32461.67,28,3.56,2.81,5,3.8,28,52.7,0
114904.53,26,2.92,2.98,8,1.3,8,13.2,0
51582.09,40,3.26,2.87,3,3.3,40,12.1,0
54334.82,72,2.56,3.74,7,2.0,54,24.6,0
28113.24,49,4.26,3.78,6,3.0,16,81.0,0
49915.26,38,3.95,4.11,5,12.1,19,5.9,0
39500.85,35,4.19,3.73,3,1.7,30,50.6,0
46954.84,39,3.73,3.61,9,9.1,19,57.6,0
56674.27,67,2.32,3.56,2,13.7,14,58.9,0
87826.33,43,2.82,3.97,5,8.2,15,19.1,0
65058.45,8,2.64,2.03,8,3.7,8,5.2,1
67715.52,17,2.99,3.46,11,4.2,4,89.0,0
38630.3,57,4.05,3.72,4,8.6,9,5.0,0
42095.59,38,2.02,4.75,5,0.2,23,16.2,0
122944.71,66,2.73,2.72,5,6.7,13,56.6,0
44619.2,47,2.88,2.7,4,3.8,6,37.7,0
116132.06,34,2.15,1.91,2,2.5,14,62.8,0
54326.94,34,3.36,2.53,5,7.3,34,33.4,0
59928.96,22,2.93,3.39,8,1.5,22,35.8,1
91871.49,28,4.09,2.99,5,11.3,28,23.0,1
99584.02,14,2.98,2.98,9,5.8,14,39.9,0
57278.18,19,3.57,3.52,2,4.7,19,25.4,0
51261.89,16,3.29,3.91,11,3.7,8,15.9,1
58549.73,31,1.21,3.51,4,1.2,11,18.3,1
68540.7,24,2.05,3.52,9,4.8,5,49.3,0
85521.36,10,3.51,3.78,1,6.5,10,34.7,0
59975.53,44,3.47,2.22,4,0.1,22,58.2,0
76692.14,25,3.15,3.59,4,2.3,17,15.4,0
115305.9,51,4.26,3.45,4,8.9,25,52.5,0
69739.62,42,3.61,3.5,7,5.0,2,18.8,0
67823.3,93,4.46,3.09,3,4.8,6,74.1,0
32612.0,32,1.23,3.36,6,1.3,23,29.9,0
20904.25,22,4.59,3.78,2,5.0,13,13.6,0
69937.01,19,2.71,4.63,10,7.7,12,22.9,0
57645.66,46,3.22,2.32,5,2.6,9,19.9,0
48731.79,49,4.15,3.9,2,1.0,28,67.1,1
66000.14,32,1.51,4.35,8,0.4,12,37.0,0
58444.83,37,3.0,2.61,7,3.5,4,53.1,0
94005.83,58,4.01,3.37,5,5.8,14,49.1,0
61972.4,47,2.71,3.69,6,0.9,29,85.6,0
44410.48,38,3.93,4.91,5,2.7,38,42.2,0
88971.07,14,3.74,5.0,2,4.2,14,29.1,0
54893.35,19,3.34,2.61,6,0.8,1,17.7,0
73910.83,26,3.68,3.29,7,1.6,25,17.6,0
49465.75,27,4.24,3.64,3,4.7,20,11.6,0
46169.25,20,3.68,3.89,8,6.5,15,13.4,1
61924.26,19,3.94,3.64,3,5.1,19,21.8,0
60182.17,27,2.49,2.84,7,6.3,18,17.4,0
72542.71,35,3.67,2.81,2,4.4,19,55.6,0
53773.8,43,3.59,2.42,4,9.0,8,15.0,0
28723.08,9,4.1,2.09,2,8.8,9,34.7,0
50356.88,24,2.27,2.41,5,8.0,24,99.5,0
82250.72,10,4.06,4.31,7,4.3,10,23.6,0
53159.37,32,2.5,4.0,4,25.7,32,47.7,0
54254.79,31,5.0,3.89,7,0.2,4,20.6,0
88836.3,30,2.49,3.34,6,1.1,11,26.6,0
45035.7,27,2.27,3.47,9,8.3,8,11.7,1
32301.82,24,2.97,3.31,9,8.8,24,30.1,0
56148.07,30,4.04,2.39,5,8.5,13,39.4,0
49332.11,43,3.48,3.95,5,10.3,3,20.6,0
40680.39,25,4.54,4.1,3,2.7,8,39.1,0
55817.83,15,2.96,2.69,1,13.4,6,14.1,0
72882.39,37,2.81,2.69,5,1.2,12,26.6,0
59652.1,49,2.61,3.75,10,13.8,5,38.7,1
67696.68,14,2.78,3.74,6,4.1,10,23.6,1
123668.9,13,2.08,4.01,7,0.9,4,56.4,0
52200.56,14,2.68,4.49,3,6.7,14,33.8,1
66925.78,30,2.23,2.76,6,1.8,30,27.2,0
48840.48,75,3.78,3.44,6,1.2,73,42.9,0
42678.74,68,4.38,2.8,4,0.9,21,60.1,0
47383.86,37,3.38,2.85,5,0.1,8,18.2,0
49439.08,14,2.66,3.2,6,7.2,14,40.1,1
69133.2,68,3.8,4.51,4,3.3,50,39.2,0
153220.04,70,3.17,4.27,6,19.3,15,42.5,0
44962.43,18,4.01,3.45,2,2.9,18,28.8,1
50683.21,32,2.44,1.99,5,9.3,1,66.7,0
58381.29,49,2.5,3.77,4,17.2,22,26.8,0
70144.98,63,3.78,3.76,6,0.1,4,31.4,0
66530.8,29,3.18,2.85,3,0.6,29,57.1,0
100071.31,51,3.94,4.08,8,2.1,32,17.0,0
22684.64,39,2.51,2.83,3,10.2,31,61.9,1
23045.55,38,3.55,4.08,5,9.1,6,76.7,1
49101.69,36,3.64,3.67,5,2.3,17,16.1,0
92866.67,77,1.97,2.48,3,1.1,6,2.8,1
32007.99,33,3.2,3.25,5,8.1,25,41.0,1
17978.77,42,1.59,3.6,9,4.5,10,50.2,1
75242.52,77,4.38,3.71,5,0.2,20,39.0,0
66003.49,44,2.15,4.22,4,8.2,20,67.8,0
38712.45,23,3.05,4.31,12,15.7,23,52.6,1
40367.66,31,3.2,3.33,2,0.2,15,43.7,0
40623.52,19,2.43,3.89,3,1.7,19,21.8,0
62580.82,31,4.68,4.63,4,8.6,17,22.2,0
46605.5,29,2.65,2.79,5,4.4,5,47.5,1
72957.0,25,2.98,3.07,6,22.7,24,135.4,1
19113.48,36,2.65,2.34,4,12.4,23,42.5,1
42500.0,11,2.64,3.06,5,1.0,4,12.8,1
38161.35,86,3.11,3.64,0,5.6,6,45.4,0
54039.13,30,3.76,2.02,3,5.3,9,44.2,1
48280.4,32,3.33,3.81,4,0.6,14,57.9,0
82383.26,67,2.59,3.17,5,0.5,8,26.1,0
28460.3,43,3.19,3.46,3,4.2,15,4.6,1
60973.62,25,2.11,2.68,6,2.6,11,29.0,1
74856.97,27,4.15,3.43,5,3.9,27,48.5,0
125826.46,57,2.8,4.68,4,1.4,24,26.3,0
49379.65,61,2.84,3.22,6,4.1,30,51.8,1
68171.61,23,1.64,1.95,0,2.4,6,52.1,0
29098.88,66,2.79,4.35,5,10.9,17,56.7,0
22999.26,11,4.55,3.88,3,1.8,11,19.9,0
83944.38,71,3.69,3.57,5,10.2,7,18.7,0
59741.12,40,4.09,3.9,8,2.5,18,60.7,0
95932.98,66,3.29,3.56,3,4.3,28,20.6,0
34566.45,46,1.1,4.65,2,1.7,9,18.0,1
73714.95,24,3.26,4.03,3,8.3,24,30.2,0
126440.5,30,3.36,3.18,6,9.3,9,35.1,0
70818.97,25,3.92,4.54,7,8.3,25,24.5,1
66878.49,21,3.17,4.77,8,5.1,21,29.9,1
60079.41,42,2.58,4.14,3,1.8,35,11.5,0
31941.05,9,3.12,3.78,4,5.1,6,11.5,0
102973.73,29,2.93,2.9,6,16.0,4,50.1,1
46894.56,34,3.62,3.98,5,5.2,19,20.6,1
73261.7,9,3.12,3.77,6,15.7,9,49.9,0
32041.47,39,2.41,3.48,6,1.8,21,42.2,0
37354.78,46,3.65,3.99,2,9.4,7,2.7,0
106301.53,42,2.61,3.56,3,6.3,22,58.7,0
52108.28,42,2.95,3.88,8,8.6,39,44.3,1
107077.72,35,2.83,4.23,2,6.2,14,35.6,0
58029.56,17,3.39,2.57,3,3.3,5,56.7,0
28659.52,74,2.1,2.78,8,5.8,28,22.8,0
85547.5,3,3.23,2.86,5,13.4,3,32.4,1
47289.48,29,4.06,4.86,4,2.7,6,4.8,0
79179.72,24,3.28,3.94,4,15.2,24,52.0,0
60480.99,34,2.67,4.01,3,0.3,26,8.5,0
32297.75,20,2.91,4.29,5,0.1,17,21.0,0
63941.12,59,3.44,2.77,3,3.4,2,34.8,0
144132.64,11,3.65,2.07,1,9.4,11,87.0,0
72925.57,22,4.4,3.46,5,1.4,16,20.1,0
58512.34,28,1.9,4.13,4,5.9,19,36.9,1
92054.62,42,3.41,3.36,5,4.0,6,46.6,0
65138.26,43,3.35,2.54,5,1.7,14,59.6,0
65108.72,54,3.15,2.87,1,1.7,9,53.1,0
38690.52,49,3.48,2.67,2,0.4,6,46.5,0
65745.02,29,3.02,3.07,5,3.8,29,13.7,0
90597.09,52,2.4,2.69,3,3.0,7,33.4,1
42854.89,29,3.37,3.6,6,1.7,29,20.4,0
105852.12,11,3.72,3.12,5,17.6,11,33.3,0
57717.61,12,3.16,3.94,6,8.5,12,19.9,0
41977.63,28,4.05,2.82,7,3.7,20,18.8,0
89237.16,16,3.01,3.68,9,3.7,16,50.0,0
53384.85,30,3.57,3.47,4,1.1,21,25.5,0
81129.83,50,1.93,3.78,6,5.2,2,25.2,0
53278.95,26,4.99,3.88,9,15.4,23,9.9,0
58458.33,8,3.02,3.95,7,11.4,8,59.4,0
72942.31,44,2.81,4.08,1,0.4,20,60.1,0
67262.55,24,2.99,3.88,2,0.3,12,6.7,0
26951.31,28,2.44,3.71,5,16.3,28,71.9,1
38234.84,100,2.27,3.03,4,1.1,36,13.8,1
86834.91,54,3.23,4.1,7,4.0,7,68.6,0
56791.69,61,3.29,3.01,5,0.4,11,47.0,0
48557.67,26,3.38,3.3,5,9.3,26,33.7,0
34772.09,88,3.17,2.9,7,0.6,29,19.0,0
38874.95,18,3.13,2.88,3,5.2,13,61.8,0
26669.62,11,2.24,3.28,6,0.3,11,48.2,0
57496.98,97,2.81,3.34,6,0.9,13,41.7,0
47128.11,8,3.33,2.93,11,3.6,8,51.6,0
40674.83,24,2.77,3.52,5,0.2,20,25.8,1
58264.64,44,3.43,3.61,9,1.1,13,47.5,0
69257.61,27,3.09,3.12,9,0.7,27,34.5,1
138313.64,21,3.09,5.0,10,0.2,10,21.0,0
32703.8,33,3.37,3.73,7,17.7,25,19.9,1
95201.64,32,3.59,3.58,7,3.0,32,54.2,0
88365.83,35,3.77,3.03,4,9.8,35,18.5,0
43842.67,64,4.79,3.6,4,2.2,14,12.1,0
64944.89,46,3.89,3.67,3,0.2,15,30.6,0
49858.62,29,2.02,3.5,4,5.9,10,108.4,0
64490.64,38,2.33,4.49,5,0.2,11,43.3,0
109497.0,2,2.98,2.31,7,4.0,2,20.3,0
76285.83,30,2.59,3.23,5,0.7,30,38.1,1
73382.69,40,3.51,4.0,3,5.6,10,74.1,0
50406.54,20,3.6,2.87,4,11.2,8,43.3,1
33069.85,25,2.81,2.42,7,15.6,25,55.5,1
55083.9,54,4.15,3.14,7,3.8,21,48.8,1
97017.17,16,4.36,4.23,6,3.8,7,36.3,0
32504.47,55,1.75,2.89,2,0.2,5,44.9,1
39260.11,77,2.06,3.25,7,7.3,6,44.2,1
62975.88,25,4.08,3.8,6,15.6,8,28.2,0
40381.95,16,3.9,3.09,4,2.9,16,12.1,0
43607.77,21,3.6,3.19,4,7.9,16,50.7,0
50542.03,74,3.21,3.04,5,8.0,44,54.9,0
34674.26,15,3.12,3.1,6,7.7,10,25.9,1
40552.44,16,3.63,2.69,4,7.1,15,19.5,1
79329.96,8,3.34,3.32,7,1.2,8,36.5,0
35491.63,24,4.25,4.24,7,7.0,7,24.0,0
31598.06,36,2.66,4.61,3,0.8,7,36.1,0
46536.4,68,3.21,4.37,6,6.2,5,49.3,0
80240.38,26,3.91,3.6,4,0.0,20,33.8,0
55338.89,44,3.33,4.66,7,12.6,9,41.0,0
49720.25,21,3.74,5.0,3,8.8,15,28.1,0
60946.0,14,3.73,3.63,2,5.7,8,16.3,0
29783.71,63,2.86,2.81,4,0.5,50,35.5,0
72975.73,35,2.38,4.42,8,8.7,7,20.7,0
69798.93,46,2.6,2.66,6,10.4,25,9.8,1
50831.76,35,2.33,2.88,4,5.8,14,36.4,0
89533.65,10,1.72,2.04,6,18.6,10,19.9,0
38139.34,54,4.07,4.01,3,0.5,37,10.7,0
94010.67,20,1.69,1.88,4,6.2,20,64.9,1
63690.93,42,4.69,4.19,5,3.7,10,37.9,0
52332.82,15,2.78,4.77,4,0.8,15,66.9,1
59400.06,15,2.98,4.71,4,5.4,9,18.6,0
57359.52,21,1.99,2.61,12,8.0,21,12.5,1
97549.3,18,3.51,2.2,5,0.9,1,15.3,0
38922.52,14,2.99,3.05,4,7.9,14,36.8,0
44134.29,95,3.25,4.12,3,0.5,16,71.3,0
90628.24,32,2.57,4.34,10,4.5,6,36.4,1
47182.86,10,3.58,3.97,4,8.0,10,19.1,0
85837.67,14,2.54,3.87,6,0.8,1,34.9,0
118157.57,18,3.26,5.0,6,4.2,10,34.6,0
50984.76,23,3.57,3.17,1,2.8,12,44.6,1
78632.86,48,4.36,2.96,5,4.7,30,58.8,0
37741.78,36,3.84,2.67,5,2.8,36,25.9,0
80974.8,32,3.27,3.8,8,1.4,27,28.1,0
64845.94,11,3.19,3.37,5,1.5,11,19.1,0
72345.99,43,3.45,4.08,7,10.0,43,37.1,0
46247.89,11,3.81,3.18,3,0.9,6,60.6,0
30809.14,28,2.6,3.94,4,0.7,28,45.4,0
73225.63,38,3.92,3.23,5,0.5,7,31.3,0
26229.47,38,2.45,3.39,5,0.4,15,10.5,0
52736.33,35,3.57,3.45,8,0.1,25,41.8,0
87244.76,36,3.63,2.31,8,0.9,22,17.0,1
64651.02,34,2.66,3.4,3,1.1,10,17.3,0
130527.22,12,1.97,3.89,3,1.6,5,18.7,0
90223.36,12,2.99,2.81,6,0.7,12,33.0,0
46094.12,51,1.1,4.84,6,0.5,11,28.5,0
60531.87,51,3.06,3.5,4,3.9,25,55.0,0
58750.31,15,2.2,3.06,2,6.3,15,10.1,0
31797.07,35,5.0,3.04,8,5.0,35,20.5,0
41103.17,39,4.05,4.46,6,4.1,6,10.1,0
47843.74,32,3.26,2.92,3,2.9,11,14.0,0
26516.22,55,4.27,3.71,3,5.0,20,35.8,0
61022.47,24,3.76,4.12,6,11.6,24,12.7,0
54196.48,25,2.27,3.89,2,4.9,4,20.7,0
30663.93,55,2.7,3.11,11,0.3,17,22.2,0
70381.46,13,4.02,4.09,5,4.2,13,110.9,0
79725.85,49,2.43,3.61,7,3.7,8,60.6,0
65566.08,70,3.52,2.3,7,3.0,7,11.6,0
52594.81,43,3.74,4.36,4,4.2,43,60.0,0
75854.85,30,2.99,3.07,2,5.6,26,31.1,0
78596.95,13,3.32,3.38,5,0.2,11,52.0,0
67708.12,35,3.87,3.72,3,3.3,8,73.0,0
43051.62,20,3.83,3.13,3,8.5,20,10.9,0
66879.0,26,3.56,4.03,7,3.8,26,21.8,0
96586.31,39,3.19,2.73,9,0.4,8,24.8,0
47162.22,18,3.67,3.1,2,7.5,18,18.5,1
138576.21,15,1.58,4.36,4,14.2,15,8.1,0
48520.79,22,4.38,3.52,5,9.5,22,46.3,0
60655.33,66,3.09,2.76,3,2.3,36,17.2,0
45752.69,39,2.61,3.56,7,3.8,39,50.1,0
65467.45,19,3.68,3.78,8,4.5,19,44.8,0
29825.27,21,3.66,2.39,4,6.3,7,38.5,0
48126.26,59,2.42,4.66,2,5.5,16,30.5,1
38682.85,12,3.25,4.75,9,1.1,12,46.7,0
63204.79,65,3.23,3.58,2,9.3,10,28.0,1
89123.56,17,3.18,3.36,5,9.5,9,27.1,0
77528.62,64,4.5,3.52,2,2.6,22,26.8,0
23186.75,50,3.18,4.13,9,0.7,14,11.5,0
135513.68,16,3.1,3.82,3,4.7,16,72.9,0
67380.57,46,2.66,3.67,4,2.2,19,41.3,0
43888.18,10,2.54,4.47,5,6.8,3,38.4,1
63758.08,56,3.51,4.29,4,1.9,56,20.1,1
64246.08,16,2.82,2.83,9,1.5,14,37.9,0
45855.96,56,3.05,4.12,4,10.1,17,23.0,0
64806.86,12,3.36,4.31,7,4.8,12,27.0,0
46958.1,16,3.25,3.69,4,0.4,8,47.5,0
50932.43,74,3.31,3.92,1,5.8,24,19.6,0
45500.94,42,3.31,3.28,4,7.0,23,56.9,0
33756.61,18,3.7,2.66,5,1.3,18,13.3,1
63470.76,37,5.0,4.82,4,17.2,7,23.7,0
75668.69,36,4.18,2.56,6,2.3,15,43.2,0
73567.12,27,2.91,4.68,5,14.1,8,49.4,1
83114.14,36,4.17,3.45,4,1.7,6,4.5,0
68168.38,60,2.36,4.37,9,4.7,12,18.7,1
48383.29,50,2.75,3.52,2,3.6,8,10.6,1
83772.96,43,3.77,4.16,5,24.2,17,76.3,1
34786.79,17,3.74,3.81,7,2.6,14,21.0,0
41761.55,12,3.68,3.03,4,1.0,12,12.1,0
40713.7,30,2.73,3.59,6,9.0,28,16.9,1
92228.31,50,2.73,3.4,9,0.2,24,18.2,1
87300.84,7,3.3,3.95,8,10.8,7,12.5,0
72760.03,23,3.0,3.6,1,0.6,16,11.0,0
91929.01,41,3.91,3.7,4,4.2,6,67.2,1
42120.38,64,2.98,2.78,7,6.2,37,61.3,0
68832.96,4,2.95,2.61,8,2.0,4,63.3,0
56950.07,30,1.9,3.55,5,9.3,8,29.6,0
84015.19,22,3.9,3.63,8,4.5,6,32.8,1
57177.19,32,3.46,2.76,4,2.5,7,61.4,0
51329.6,43,1.37,3.9,8,2.0,18,19.1,1
74336.95,9,3.56,3.93,3,0.6,9,65.2,0
85005.2,17,2.88,3.61,3,5.1,11,4.9,0
45828.52,18,3.82,3.51,2,2.3,18,30.5,0
58429.12,25,3.12,2.61,6,1.9,18,31.6,0
39207.52,58,2.56,2.6,4,15.0,16,58.8,1
22043.56,16,4.58,3.78,14,1.6,12,50.6,0
64872.81,20,4.46,2.92,4,10.5,15,56.9,0
76386.57,12,3.05,2.97,7,18.4,12,10.6,0
66491.32,25,3.5,3.7,8,8.7,17,73.5,0
27451.48,27,2.83,4.93,4,0.1,27,55.3,0
52034.4,28,1.83,3.22,7,10.1,28,27.4,1
24653.17,103,4.25,4.94,4,1.2,14,22.3,0
103557.31,50,2.56,3.45,3,2.2,26,28.7,1
38776.83,31,4.22,3.89,2,23.9,31,35.8,1
98929.37,43,3.76,4.17,5,2.6,14,43.1,0
87408.5,22,3.43,4.22,8,5.3,22,15.7,0
41762.91,92,3.17,3.74,3,1.9,21,18.9,0
38058.74,51,3.76,3.34,2,2.3,42,18.7,0
68881.86,47,2.46,4.08,9,4.6,29,43.0,1
42713.5,66,4.27,3.8,2,14.8,7,26.1,0
62379.62,79,3.31,3.19,4,1.7,8,34.3,0
49358.68,16,4.4,4.49,7,1.4,12,40.8,0
29364.35,61,3.1,3.82,6,0.1,17,5.0,0
24533.94,41,3.31,2.98,5,1.1,8,33.0,0
65556.9,37,3.41,2.89,4,1.5,15,33.7,0
47828.5,74,3.66,4.87,5,0.3,36,13.0,0
47990.77,17,4.65,3.16,5,4.1,17,54.5,0
79090.3,31,2.85,4.03,8,0.7,16,31.1,0
95738.61,29,3.1,3.76,3,3.6,9,37.7,0
53690.0,40,3.18,4.0,3,1.0,26,27.5,0
52248.19,41,1.35,4.84,2,13.7,37,22.8,1
73134.63,60,2.76,4.2,3,1.8,24,30.3,0
34794.89,33,2.81,4.09,9,0.5,18,29.5,0
65464.36,77,5.0,3.36,6,9.0,28,13.7,0
74664.08,43,3.41,3.03,2,2.6,11,30.9,1
78597.26,16,3.59,5.0,5,8.6,16,104.7,0
27592.49,22,2.03,3.47,5,1.9,13,47.8,1
44154.84,47,3.15,3.43,6,3.5,11,15.4,0
42137.56,41,3.95,3.7,6,2.9,41,13.8,0
62314.83,40,5.0,3.63,7,4.1,11,40.1,0
72569.34,83,2.65,4.61,2,2.6,13,20.6,0
108954.34,56,1.75,3.88,1,3.4,29,31.8,0
49119.62,25,2.58,2.58,2,5.7,4,54.8,0
49068.42,29,2.58,3.04,4,2.7,29,32.0,1
94832.63,24,2.59,3.51,7,5.8,24,30.3,1
67415.54,18,3.93,4.22,6,6.3,15,33.3,0
99415.23,87,3.47,2.44,6,6.9,9,54.9,1
67204.21,41,2.3,3.85,8,3.2,10,26.2,1
37690.12,14,4.33,4.01,5,0.0,14,24.5,0
35127.82,73,4.71,4.12,7,7.0,38,12.7,0
32189.48,20,1.84,3.44,7,12.0,20,58.5,1
78027.82,37,4.14,4.23,5,5.3,24,18.8,0
96320.72,34,3.06,2.93,5,3.7,18,11.9,1
125460.33,11,2.45,4.16,7,4.1,7,23.8,1
83888.36,7,2.04,3.46,10,5.1,7,12.7,0
95333.39,50,2.84,3.53,6,32.6,7,20.8,1
47476.66,63,2.78,3.52,1,0.3,10,35.4,0
37700.69,38,3.32,3.96,5,0.1,18,61.3,0
84122.7,118,4.92,2.73,6,16.6,20,52.8,0
70761.64,21,2.79,4.12,5,2.9,21,12.3,1
62503.49,9,2.07,4.11,2,4.7,9,16.0,1
69908.92,42,2.94,3.29,5,7.0,42,43.7,1
68136.9,17,4.03,3.5,6,6.8,11,18.2,0
100060.15,31,3.0,2.9,7,5.2,27,29.4,1
100508.16,57,3.72,2.69,3,3.2,23,52.2,0
74435.49,23,3.34,3.64,5,4.3,23,40.1,0
83978.92,31,3.25,3.64,5,6.5,31,63.1,0
73542.96,62,4.47,3.26,3,9.5,24,12.3,0
49788.14,29,2.43,2.63,3,0.7,15,29.5,1
81034.14,42,2.37,3.82,1,1.6,26,6.2,0
34276.04,45,2.47,3.25,4,2.5,12,25.3,0
91268.1,29,3.48,2.98,5,5.5,11,17.8,0
37130.38,29,3.24,4.39,8,2.5,6,17.1,0
67125.64,32,3.77,2.82,4,1.4,32,16.9,1
42699.33,21,3.14,3.89,7,0.2,21,41.6,1
74708.98,41,3.04,2.45,3,9.2,28,38.4,0
59067.13,21,3.46,2.49,6,2.7,5,20.0,1
31637.48,23,4.56,3.84,4,2.0,20,39.6,0
70847.14,17,2.27,3.26,7,3.8,17,33.2,1
47516.47,65,2.46,2.68,2,0.7,26,19.0,1
85174.61,13,3.23,4.16,6,2.5,11,13.0,0
59905.9,85,4.83,3.76,6,7.0,19,23.3,0
70134.38,30,2.34,2.01,4,6.7,28,26.7,0
40821.84,25,3.19,4.17,7,7.4,24,57.8,0
47300.07,17,2.5,2.76,8,3.2,17,23.3,0
49838.57,18,3.52,2.3,4,2.3,16,55.9,0
84345.86,21,1.55,2.93,9,8.9,11,16.3,1
117119.59,136,2.37,3.47,3,1.0,33,66.7,0
43387.7,21,4.22,3.55,6,6.5,1,69.6,1
92110.04,43,3.21,2.36,4,10.9,43,28.4,1
25137.83,28,2.6,2.51,1,1.7,14,24.9,0
37135.34,88,3.16,2.97,6,1.1,20,16.1,0
40802.09,37,3.15,3.01,6,3.6,18,24.4,1
34856.56,14,3.65,4.03,4,1.2,14,6.8,0
31779.12,24,1.54,3.21,8,10.2,13,22.7,0
70629.24,107,2.37,4.02,4,1.4,51,60.1,0
54960.66,51,2.44,4.27,7,1.9,26,36.2,0
69686.52,31,3.7,3.89,7,11.0,31,47.6,0
78919.93,17,3.19,1.35,4,1.2,17,20.6,1
66585.81,19,4.35,3.29,7,10.8,12,22.7,0
77894.08,16,3.86,3.38,2,1.2,2,5.9,0
58231.81,10,2.92,3.46,9,12.1,10,25.5,1
37242.38,50,3.16,2.04,5,1.9,1,17.9,0
91411.42,44,4.24,2.97,9,1.4,16,77.9,0
47304.24,35,4.35,2.55,10,3.2,35,52.1,0
41182.2,70,3.12,2.85,4,2.3,7,18.4,0
55761.16,48,2.41,3.32,9,1.1,18,13.4,0
41559.26,12,1.52,2.98,5,2.1,12,37.8,0
50666.89,32,1.52,2.9,3,6.2,32,39.5,0
68708.04,53,3.58,3.36,3,8.9,1,12.0,0
68825.99,32,3.56,3.16,6,8.6,32,36.1,0
41809.04,34,2.66,3.64,3,7.1,4,63.0,1
49262.47,10,4.24,3.21,7,0.0,10,40.1,0
92017.42,22,3.03,2.4,3,2.8,15,27.5,0
73025.21,43,2.73,2.78,6,0.9,11,25.0,0
137314.06,29,4.14,3.27,2,0.4,19,25.9,0
95994.99,11,4.03,3.19,5,6.7,10,13.7,0
94628.81,53,3.16,2.51,5,7.9,16,63.7,0
34367.02,28,3.61,3.97,4,8.4,28,41.8,0
81270.97,34,3.71,3.72,8,11.1,8,12.0,0
58615.67,12,4.94,3.08,7,4.5,4,21.4,0
48031.26,9,3.1,3.39,4,31.4,9,20.1,1
64036.35,35,2.26,2.75,4,3.3,16,79.8,0
87385.5,65,3.7,4.1,3,10.7,15,22.8,0
73154.77,52,3.25,4.95,4,0.6,10,9.7,0
42134.01,47,3.29,3.05,3,0.8,33,18.4,0
80578.21,37,3.18,4.36,2,4.5,37,57.0,0
46395.84,14,1.93,2.9,5,0.7,8,29.2,0
65295.16,6,3.41,3.13,8,0.4,6,25.8,0
53032.49,115,2.91,4.5,7,1.1,12,25.2,0
54855.27,28,2.95,3.42,7,7.7,26,18.9,1
81348.46,22,2.88,3.98,4,13.1,5,42.6,1
39494.73,33,3.17,3.31,3,2.0,21,43.6,0
130362.98,17,3.41,2.24,4,18.4,13,11.8,0
28899.1,24,3.18,5.0,5,8.3,10,10.3,0
47142.63,83,4.12,3.35,2,1.3,44,16.1,0
69430.72,39,3.8,3.61,7,4.4,10,34.6,0
75638.88,45,3.14,2.99,2,20.0,11,24.8,0
57515.5,30,2.37,4.05,6,9.4,30,3.4,1
58515.31,60,3.66,3.99,9,2.3,18,28.1,0
70560.09,59,2.95,2.41,6,1.8,43,28.4,0
54588.16,28,3.06,3.62,9,8.6,28,13.4,0
104534.51,32,2.15,4.11,2,4.0,8,84.1,0
83762.41,66,3.53,4.34,4,0.9,17,31.4,0
84891.54,33,5.0,3.95,4,2.0,22,24.9,0
40681.85,26,2.79,4.01,5,5.4,26,22.1,1
58002.69,27,3.7,3.12,4,0.8,9,40.4,0
53093.7,24,4.2,2.64,6,6.0,24,17.2,1
40045.01,33,2.78,3.28,5,6.2,33,41.0,0
69152.24,24,1.26,2.62,3,1.6,12,81.9,0
48288.16,33,3.76,2.98,6,2.5,19,11.7,0
77820.61,20,3.26,2.97,5,13.7,18,34.0,1
39023.66,40,3.45,2.84,5,6.9,28,29.2,0
119087.79,43,3.24,3.87,5,7.8,17,10.4,0
41834.09,48,4.13,2.79,3,3.6,20,69.3,0
65363.61,44,3.12,4.78,8,1.2,21,14.6,0
82186.29,57,4.94,4.19,8,4.5,7,30.1,0
47655.05,35,3.76,4.33,4,7.4,35,19.4,0
84203.14,33,4.01,3.02,2,0.0,18,18.7,0
36619.15,22,3.21,3.64,6,0.6,4,55.3,0
107028.14,51,3.45,2.77,7,3.2,46,43.5,0
60213.97,23,1.85,3.65,9,2.9,22,26.4,0
47166.32,9,2.74,2.26,7,20.2,9,20.1,1
53120.98,21,4.06,4.24,5,0.5,21,10.2,0
82749.04,53,3.15,3.05,7,2.0,13,65.2,0
47392.43,47,2.3,3.71,4,8.4,47,12.5,0
44367.25,38,2.65,3.84,8,4.7,6,60.7,1
54796.71,102,2.65,3.11,6,4.1,44,50.1,0
37392.12,40,3.17,2.94,2,6.8,17,16.7,0
124022.41,19,2.53,3.42,5,0.2,19,13.0,0
47736.05,18,4.34,4.06,4,14.7,18,31.1,0
83503.74,44,3.37,3.4,4,1.1,15,32.2,1
65107.04,71,2.08,3.92,5,0.4,9,17.8,1
40383.9,33,4.43,4.06,6,2.1,4,50.4,0
59731.7,41,3.16,3.37,4,6.1,11,78.8,0
81928.41,42,3.6,3.42,6,1.3,41,51.7,0
55530.93,105,3.45,3.6,4,0.3,54,52.4,0
96494.88,55,3.53,4.3,4,0.3,20,40.4,0
90093.76,63,2.93,3.26,8,1.5,2,11.3,0
86471.14,19,3.46,4.3,4,0.7,10,22.4,0
49818.28,23,3.08,3.68,4,2.3,4,57.0,0
38873.3,22,3.49,2.98,5,1.0,22,23.4,0
46843.38,28,3.05,3.47,4,2.1,13,23.0,0
64763.43,34,2.97,2.72,4,2.9,14,17.5,0
74482.14,39,2.03,2.56,5,6.8,12,34.8,1
25118.79,31,3.2,3.92,3,1.3,13,36.2,0
59680.15,21,3.38,4.06,10,3.2,5,24.4,0
63782.6,16,4.68,3.48,5,8.4,6,51.0,0
53582.74,42,3.58,3.53,7,21.5,20,7.8,0
100359.05,49,2.62,3.1,3,4.1,16,25.8,0
70877.76,29,2.39,3.62,4,2.8,10,87.2,0
101121.37,10,3.41,4.89,2,5.0,10,32.3,0
54919.06,55,2.6,4.21,10,3.3,27,25.2,0
87115.58,28,2.75,3.45,6,0.9,9,57.7,0
115154.11,13,2.6,3.39,6,3.1,11,32.5,0
101182.12,32,2.94,3.24,5,19.3,15,32.4,1
38682.53,57,3.79,2.51,5,5.1,24,39.0,0
54096.76,25,1.61,3.16,9,1.7,10,26.9,0
52152.85,5,4.24,3.97,6,14.7,5,43.3,0
72816.79,27,3.04,2.85,2,2.5,27,47.7,1
78790.0,21,2.69,3.3,2,2.5,16,80.4,0
42806.4,36,3.91,2.72,5,4.8,14,55.5,0
61521.1,33,3.03,4.05,6,4.2,9,31.2,0
26689.59,24,2.36,2.61,7,1.7,24,32.8,0
106593.52,23,1.98,3.91,5,3.1,21,11.3,1
48778.76,67,3.76,4.22,6,2.0,8,35.2,1
61227.12,44,3.81,3.27,10,6.7,21,34.1,0
52899.02,43,2.87,3.02,6,0.7,26,18.7,0
94694.48,53,4.26,3.83,5,6.9,32,34.2,0
19244.82,28,3.23,4.62,4,0.9,18,9.6,0
59477.65,77,4.26,4.44,3,1.8,13,73.1,0
57392.71,39,2.43,3.45,4,2.0,36,20.9,1
49938.4,35,2.34,2.88,1,23.2,32,16.6,1
119430.59,39,2.79,3.34,7,4.5,30,52.9,0
41985.02,27,2.88,2.32,5,7.5,19,42.5,0
81529.36,21,4.12,3.11,6,4.1,21,6.8,0
69044.13,60,3.43,3.82,2,20.4,60,36.6,0
99171.67,15,2.59,3.24,3,1.0,15,21.3,0
45849.72,16,3.21,3.08,4,4.6,14,78.7,0
44659.06,30,2.86,3.46,4,8.0,23,44.0,0
92820.98,19,2.56,3.31,3,5.0,19,8.9,0
70978.23,10,3.14,4.03,4,11.4,9,22.4,1
32274.25,16,3.05,2.57,3,4.6,16,16.3,1
48256.12,19,2.59,3.87,3,8.8,14,58.4,1
69881.28,40,2.58,3.47,3,1.0,40,46.5,0
83709.33,29,3.85,3.8,7,1.5,6,52.7,0
45629.41,55,3.54,2.53,8,2.9,34,19.4,0
18662.99,15,3.95,4.12,7,9.5,15,50.9,0
73812.94,17,2.97,3.88,4,2.8,5,11.6,0
36749.2,37,2.33,4.67,4,4.9,37,112.3,0
26717.24,21,2.74,2.92,6,2.5,11,10.6,0
19284.74,26,4.02,3.09,7,8.2,3,78.6,1
82916.75,16,1.92,2.25,4,1.1,10,51.1,0
63035.1,15,4.36,2.92,3,4.5,15,35.1,0
54706.48,20,2.31,4.5,6,4.3,20,20.4,0
104360.84,57,3.82,3.71,1,2.6,16,32.7,0
77259.86,13,2.38,2.99,6,6.1,5,21.6,0
114292.93,60,2.72,3.59,10,0.1,4,50.3,0
34300.18,54,1.55,3.46,2,9.2,20,35.5,1
59052.36,24,4.68,2.16,7,2.1,6,16.1,0
31360.82,33,3.66,2.29,9,7.9,12,26.0,0
54625.01,39,3.71,4.27,8,1.8,6,34.3,1
54206.37,47,2.81,4.02,4,1.0,25,43.6,0
76929.56,17,2.46,2.46,6,2.5,9,105.5,0
60975.39,50,3.82,3.41,5,8.0,39,92.5,0
76830.95,34,2.24,3.0,4,6.1,8,61.6,0
79330.35,18,3.07,4.26,6,2.6,18,33.1,0
141771.44,35,2.2,3.81,6,13.9,1,11.8,0
52779.67,17,3.3,2.73,5,2.6,17,14.1,0
41092.91,32,1.67,3.58,10,2.2,32,26.3,1
66067.58,24,2.02,3.47,4,0.8,24,10.9,1
43437.92,36,2.51,3.47,9,0.4,27,32.1,0
108313.42,37,3.69,3.14,5,2.2,24,53.3,0
53461.27,65,2.77,3.52,5,0.5,20,25.6,1
47751.68,46,3.99,2.9,7,3.1,8,25.7,0
49586.49,41,4.4,2.67,6,9.8,3,20.0,0
79807.04,10,2.95,2.63,5,3.2,10,29.7,1
56212.88,56,2.02,2.77,3,3.3,10,93.5,1
46320.19,25,3.97,3.8,9,1.5,8,33.9,0
116557.59,16,1.97,3.81,6,0.9,16,55.6,0
42511.59,93,2.48,4.52,1,1.3,28,20.8,0
60732.02,21,1.84,3.34,5,4.2,20,68.9,0
77724.24,69,3.97,3.99,3,4.5,3,26.9,0
31177.94,39,3.66,3.53,5,1.2,39,44.8,0
72555.29,44,4.49,3.71,3,2.5,5,21.8,0
39259.82,32,2.85,4.07,3,4.2,3,56.8,1
83209.19,18,2.54,3.91,3,7.1,18,9.4,0
40738.94,49,2.78,3.58,3,1.9,16,19.2,0
78992.45,37,2.13,3.07,4,1.6,15,34.1,0
93184.18,37,4.34,3.69,1,6.6,17,18.9,0
84505.73,34,5.0,4.46,0,3.6,18,57.1,1
66206.02,28,2.62,3.62,2,9.7,8,14.3,0
54583.1,49,3.67,3.22,4,1.2,15,12.2,0
47545.01,43,3.08,4.07,6,7.4,9,53.2,0
107841.07,52,3.55,2.53,4,0.9,11,73.8,0
45261.04,28,4.05,3.25,6,4.4,21,28.3,0
39544.17,27,2.29,2.81,2,1.7,8,23.2,0
78131.42,23,2.82,3.41,3,0.5,11,19.1,0
43544.79,35,4.16,4.37,5,4.8,4,88.3,0
40944.57,10,3.61,3.95,4,3.5,10,11.1,0
33609.31,118,3.46,2.19,4,3.3,27,88.5,0
49357.06,22,3.61,3.07,7,4.5,6,39.5,0
57925.56,64,3.69,2.45,4,2.3,10,41.2,0
65988.56,25,4.13,4.24,6,5.5,4,13.1,0
87598.79,45,3.8,3.09,2,0.7,12,74.0,0
73921.51,81,3.16,3.55,9,6.3,14,26.9,0
55472.97,44,3.48,3.59,3,4.3,21,60.8,0
55310.7,78,3.15,3.64,6,3.3,17,22.4,0
73428.17,62,2.6,1.48,6,0.7,36,23.4,0
99611.02,17,3.16,3.75,4,1.6,3,27.2,0
62977.05,49,3.11,3.12,6,1.7,6,46.2,0
49629.85,40,1.84,4.09,6,1.3,2,45.4,0
40249.53,20,3.82,3.64,7,15.4,6,29.0,0
33587.79,59,3.96,3.94,8,12.4,32,12.3,0
78159.58,15,3.64,2.99,2,3.9,15,5.8,0
75447.43,56,3.91,2.71,5,1.2,22,54.9,0
75428.87,50,3.06,4.12,4,12.1,10,19.3,1
56870.74,35,2.79,3.89,5,6.9,16,44.5,1
105111.18,22,3.96,3.66,7,0.2,19,21.7,0
49333.2,49,2.35,3.65,3,3.4,16,21.6,0
87737.76,8,2.33,3.79,8,4.6,8,4.6,0
58953.42,20,3.56,2.6,7,0.3,8,55.1,0
46941.61,33,3.54,4.25,3,0.3,9,14.8,0
75887.87,35,3.94,3.39,2,3.1,8,17.9,0
70534.3,20,1.83,3.41,9,0.0,20,56.9,1
69064.01,20,3.12,3.21,6,0.2,20,59.7,0
61852.72,45,2.3,1.77,2,0.9,30,45.7,1
58973.46,17,3.88,3.9,6,12.0,16,19.1,0
155647.45,26,4.27,2.8,7,7.3,23,34.1,0
96153.64,15,3.6,3.58,5,3.0,15,27.3,0
79947.92,34,2.75,2.93,8,3.3,16,8.8,1
62612.47,29,2.6,3.26,4,5.8,17,45.1,0
89577.81,7,2.87,3.22,7,3.2,7,64.5,0
73658.73,13,2.53,2.91,2,0.3,13,13.8,0
60505.04,66,3.07,3.34,5,6.7,46,44.8,0
53027.94,21,2.6,3.16,2,0.3,12,36.1,1
57967.23,41,2.09,2.77,4,3.3,16,10.7,0
16845.35,17,3.5,4.32,11,9.9,15,34.5,1
65136.5,71,3.57,2.94,4,0.6,15,45.0,0
49247.29,10,4.56,3.89,6,6.1,10,30.2,0
113217.72,62,2.85,3.97,7,0.2,6,30.7,0
60339.22,35,1.69,4.15,5,24.9,35,13.2,1
37213.04,48,3.85,3.12,4,5.7,11,36.9,0
58691.37,66,3.94,3.36,7,17.4,66,78.5,0
39401.2,38,4.11,3.38,6,5.5,7,22.1,0
72356.67,82,4.38,3.87,8,1.4,15,61.6,1
67263.9,66,4.39,3.33,5,13.0,7,19.8,0
87828.02,47,2.42,3.82,4,4.9,47,28.1,1
43636.41,60,4.44,3.32,4,4.3,10,23.3,0
60694.19,33,2.94,4.28,6,2.8,21,40.6,0
34682.53,18,3.84,3.49,6,1.7,12,13.5,0
79268.64,109,3.41,3.41,11,3.8,16,13.7,1
73684.55,34,2.42,3.74,5,2.3,32,41.7,0
73007.83,39,4.13,4.64,3,9.6,2,34.5,1
59912.93,13,2.84,3.08,6,0.1,4,64.3,0
70679.38,69,4.69,4.23,9,3.8,17,74.7,0
113747.42,39,2.59,2.93,2,9.1,20,26.2,0
53421.17,45,2.4,3.53,4,0.1,21,7.3,1
63288.45,48,2.67,2.94,2,1.7,37,69.9,1
38775.72,21,4.4,3.24,3,0.3,21,54.0,0
42306.48,68,1.95,3.03,5,4.5,0,43.3,1
62263.17,41,3.93,3.99,2,1.9,1,21.6,0
93113.4,8,4.67,3.15,6,16.1,5,58.4,0
54040.43,60,3.06,3.87,5,4.8,9,37.4,0
54482.42,31,2.89,3.13,5,4.1,14,27.8,0
50881.05,22,3.26,3.5,2,12.5,17,22.2,1
48344.0,10,2.3,4.52,5,1.3,8,11.1,0
67372.26,26,5.0,2.98,5,4.1,26,23.3,0
32895.69,24,3.74,2.99,7,3.9,7,37.6,0
99945.05,64,2.22,3.33,5,0.4,56,62.4,1
45882.13,23,2.55,3.49,4,13.4,19,31.4,1
79918.4,12,3.34,3.93,3,6.0,12,36.7,0
36026.16,45,2.16,3.53,5,11.0,12,43.1,1
78239.98,66,2.0,3.67,5,20.2,19,47.9,1
78337.2,27,3.44,2.69,7,3.3,15,21.0,0
69820.35,91,4.0,3.71,4,8.1,3,48.6,0
40224.38,60,3.93,3.73,5,4.3,18,21.2,1
66159.2,69,3.15,3.97,4,18.9,5,31.3,0
37301.08,44,2.98,3.27,7,1.4,13,27.4,0
54116.52,41,3.24,3.5,4,0.1,15,20.4,0
90378.82,22,3.99,3.99,7,1.0,22,23.0,0
82345.64,80,2.19,2.76,5,0.7,29,21.3,0
60238.87,72,2.58,2.24,4,2.9,16,19.8,0
40541.34,81,2.9,2.72,7,0.4,19,21.1,1
77515.65,33,3.01,3.05,3,1.2,29,23.2,0
60340.12,27,3.16,4.25,0,0.5,27,34.6,0
23667.87,52,3.18,4.92,8,3.3,17,36.1,0
81883.43,25,3.74,2.86,5,1.6,10,22.4,0
59296.58,33,1.79,3.44,4,3.2,27,39.1,1
96855.99,8,1.92,3.13,4,0.5,3,17.5,0
38634.15,39,2.67,3.84,5,3.6,23,81.4,0
16803.1,47,3.89,3.7,4,0.7,47,20.3,0
66945.46,70,2.68,2.89,6,0.5,9,28.8,0
67280.48,53,3.17,3.07,10,1.9,9,32.7,0
30446.65,58,3.3,3.4,6,10.4,15,22.2,0
40481.49,88,3.45,4.36,5,7.8,83,59.7,0
180247.66,20,4.45,3.04,2,16.0,3,22.4,0
52984.56,18,3.76,2.41,5,3.1,18,10.8,0
80208.41,38,4.0,4.41,8,1.9,6,48.7,0
46153.87,16,3.1,3.85,6,17.7,5,15.2,0
25948.75,41,4.38,2.69,4,2.4,21,16.4,0
55932.27,17,3.26,3.71,6,0.0,17,34.9,0
53839.26,19,1.64,4.07,7,8.6,19,14.7,1
51023.86,10,5.0,3.57,6,0.9,1,10.9,0
57190.53,39,3.24,4.45,5,6.3,4,66.6,0
66549.9,14,3.62,3.89,9,0.1,14,54.0,0
56384.71,45,2.35,3.71,4,0.6,40,19.5,1
36112.62,50,4.96,3.64,6,3.3,19,61.0,0
72727.43,21,2.57,3.6,5,0.4,0,42.7,0
27453.56,54,2.89,4.11,5,11.0,44,86.3,1
26366.7,50,1.98,3.4,3,6.9,23,9.4,1
80472.61,62,3.49,4.16,6,2.0,14,15.3,0
73336.09,20,2.97,3.72,10,4.6,16,65.0,0
58515.2,20,1.97,3.57,6,6.3,4,24.9,0
34262.97,48,3.15,3.28,5,7.0,27,101.0,0
45108.94,37,3.28,3.29,5,2.5,29,46.1,0
53900.84,39,3.0,3.72,9,11.5,37,46.8,0
31623.08,71,1.74,4.21,7,14.2,28,76.8,1
44550.94,12,3.43,3.85,5,1.1,12,32.6,0
77724.99,56,2.19,3.0,7,12.1,29,33.1,0
105971.15,50,3.91,2.38,6,6.2,29,33.9,0
50626.28,47,2.76,4.02,5,11.0,7,67.6,0
81031.67,59,3.94,5.0,6,2.8,4,52.6,0
27844.09,30,3.21,3.31,5,5.4,19,33.3,0
77946.7,16,3.25,3.18,6,1.3,16,8.0,0
43408.94,23,4.22,4.07,3,7.0,1,22.5,0
67706.55,21,2.55,2.9,8,4.4,17,17.2,1
54225.09,4,2.32,4.55,3,3.3,4,120.1,1
101535.69,47,3.64,3.79,3,5.9,33,69.3,1
42202.12,28,2.15,3.48,4,4.0,28,96.9,0
76960.11,30,2.56,2.96,6,7.2,28,22.8,0
53540.68,24,1.94,4.12,4,9.8,24,7.3,1
56200.32,33,4.12,3.19,5,8.1,33,41.1,1
55628.92,77,2.4,4.0,6,1.8,43,19.1,0
42690.46,10,2.68,3.78,3,18.7,10,30.8,1
59537.43,85,2.17,4.4,5,5.2,6,25.7,1
58392.38,39,2.89,3.61,6,2.0,39,27.2,1
65939.71,25,3.09,5.0,6,0.2,5,29.4,0
61932.61,27,3.86,3.89,8,22.2,13,18.3,0
82388.23,19,2.14,3.6,8,4.6,13,26.9,0
86630.17,8,2.72,3.23,4,1.3,8,40.6,0
39330.31,17,4.34,4.11,5,3.4,14,37.8,0
84754.07,33,4.03,3.24,4,2.5,17,34.6,0
37252.17,29,2.66,2.96,6,15.1,23,13.3,1
75746.11,44,3.16,3.17,4,3.4,22,32.0,0
76718.3,24,4.77,3.37,6,3.3,2,24.9,0
27874.66,22,2.24,5.0,4,7.9,11,35.5,1
62142.89,101,1.66,3.7,5,2.5,14,65.1,1
49642.45,19,2.77,3.04,4,1.1,19,23.2,0
44200.61,20,3.13,4.26,5,7.3,3,38.6,0
102779.47,58,2.56,3.63,3,12.0,32,27.2,1
46098.16,50,3.98,4.41,6,0.2,29,33.1,0
43366.79,26,3.37,4.84,8,9.8,20,8.2,0
61714.73,53,2.72,2.46,3,2.9,20,24.8,0
78765.94,36,2.77,1.84,4,1.7,11,34.5,0
56576.02,24,2.6,4.89,8,0.2,13,15.4,0
95468.17,48,3.86,3.02,3,1.2,29,15.8,0
74042.18,34,2.82,2.31,5,2.0,8,53.9,0
25052.16,8,2.25,3.13,2,0.4,8,20.8,1
48446.4,48,3.97,2.82,4,1.0,10,67.5,0
47823.06,31,2.98,2.96,3,6.7,24,37.3,0
72529.19,74,2.11,4.1,6,5.8,14,20.6,0
20953.76,54,4.57,3.25,2,7.3,6,12.5,0
165976.9,37,3.69,2.37,3,0.9,31,39.9,0
74043.68,27,3.24,3.52,1,0.2,7,26.9,0
63547.99,33,3.03,2.9,12,3.2,18,18.8,0
96050.28,18,2.98,3.33,6,2.1,18,7.9,0
152888.11,37,2.96,3.37,6,7.5,30,26.0,0
84821.02,77,2.98,4.09,5,3.9,19,18.1,0
87511.48,91,2.73,3.15,3,13.4,11,38.9,0
63087.38,65,3.12,3.99,6,0.3,59,36.9,0
56578.8,36,2.71,2.38,3,2.3,18,29.0,1
49497.72,12,3.38,4.13,3,2.6,12,7.9,0
43025.8,32,3.18,4.41,8,0.7,20,27.4,0
45487.57,56,2.64,3.34,5,4.4,8,61.7,0
34883.79,53,3.13,2.93,6,0.2,17,21.8,0
58084.34,30,3.63,2.75,7,6.2,16,21.4,0
30519.86,29,1.39,3.48,4,0.2,10,45.9,1
64625.65,42,3.66,4.35,7,10.3,37,22.3,0
59010.33,34,2.22,3.2,4,0.3,34,39.3,1
63498.66,32,2.83,4.28,4,3.0,14,29.7,1
48588.75,31,1.0,2.69,4,0.8,31,47.6,1
204995.67,70,3.65,3.25,3,0.7,23,69.6,0
103161.02,17,2.61,3.47,5,6.4,12,67.7,0
36394.87,28,2.8,3.65,5,7.4,28,26.7,1
65719.25,29,3.27,3.27,9,6.7,4,47.1,0
46948.08,37,1.62,4.37,6,2.6,19,44.8,1
39903.05,34,3.25,4.38,4,23.4,34,17.5,1
35030.39,32,3.72,3.38,7,2.1,8,29.3,0
71174.27,17,3.34,3.14,5,1.4,6,47.3,0
45590.19,34,2.88,3.08,6,28.3,17,23.0,1
88179.55,48,3.23,4.22,2,18.9,17,22.2,0
89099.85,38,3.14,3.03,4,4.5,6,19.7,0
103731.98,17,3.81,2.48,7,1.2,0,57.6,0
42575.97,35,4.2,2.58,6,1.4,1,36.8,0
72413.37,34,2.87,3.97,2,3.7,34,62.1,0
77109.49,27,3.39,2.54,2,7.5,1,46.0,0
49529.75,38,2.67,3.22,5,0.4,35,11.4,1
43971.25,22,3.53,3.57,3,5.8,5,51.8,1
113983.42,49,3.57,2.32,9,0.5,10,19.0,0
65578.18,88,3.07,3.63,1,9.3,7,36.9,0
77217.94,51,3.62,3.27,3,3.8,9,11.4,0
43095.32,20,3.2,2.16,8,22.9,20,25.7,1
36764.43,47,3.16,3.64,0,7.0,8,40.7,0
47677.75,54,2.5,3.78,6,3.4,30,74.1,0
56976.34,41,3.34,3.63,3,0.8,11,56.5,0
39116.98,44,2.74,3.85,9,3.9,17,59.8,0
59638.83,32,3.9,3.68,5,0.6,5,45.1,0
30473.05,15,2.53,4.01,9,11.8,15,76.0,1
38253.14,31,3.42,2.84,3,1.3,29,29.0,0
78304.82,18,2.99,2.52,4,10.0,18,37.9,1
76230.45,29,3.41,2.69,2,1.8,10,98.5,0
51187.43,24,3.15,2.93,3,1.3,14,14.3,0
39850.66,17,2.55,4.92,3,1.8,8,26.9,0
39697.3,68,4.08,2.94,2,6.1,5,31.9,0
51569.86,33,2.49,3.13,6,3.7,22,31.9,0
77482.5,24,3.71,3.34,2,0.6,8,24.0,0
86794.48,11,1.84,3.25,2,0.7,11,28.7,0
49088.86,53,2.97,4.77,6,2.4,26,59.4,0
37744.8,38,4.42,2.29,2,2.1,15,44.7,0
66645.14,95,2.98,5.0,8,9.5,37,79.5,0
43070.17,21,3.28,3.6,5,4.2,18,32.9,0
48664.2,65,4.48,4.17,2,1.0,18,45.4,0
101733.35,31,3.09,3.51,5,0.1,8,28.1,0
83353.52,19,3.41,4.07,6,0.5,19,24.4,0
63779.67,26,3.68,2.84,5,6.0,26,68.5,1
35998.49,36,2.1,2.55,7,9.4,8,44.5,1
65157.23,24,2.81,5.0,4,7.6,9,35.3,0
91588.68,15,3.3,4.84,6,7.8,15,19.8,0
51521.09,18,1.92,2.76,5,1.5,17,20.2,0
102790.23,45,4.3,4.0,5,22.6,22,5.8,1
100418.14,17,3.81,4.31,6,0.5,16,53.2,0
116482.13,22,3.69,3.96,6,8.6,22,64.2,0
67649.64,17,4.26,3.35,6,0.5,7,25.9,0
75732.05,39,3.78,4.92,3,1.6,31,25.6,0
105416.55,121,3.02,3.98,5,3.4,12,99.3,0
71607.68,44,1.89,2.85,5,0.3,13,49.1,1
48996.61,21,2.66,3.23,5,2.5,14,23.4,0
50040.25,39,2.68,2.75,3,2.2,32,31.5,1
65868.92,21,3.7,3.42,7,5.2,21,29.3,0
35731.05,37,3.26,3.4,2,6.3,6,50.6,0
56539.59,73,1.95,4.03,3,0.5,5,44.7,0
92838.7,32,3.89,4.02,5,0.2,14,37.7,1
24921.81,40,4.26,3.77,5,7.5,30,21.6,0
110612.99,33,4.38,3.75,7,3.8,8,7.6,0
93802.77,55,2.3,4.23,6,3.8,16,25.0,0
49816.13,48,3.46,3.34,6,19.7,5,32.5,1
74410.8,27,2.39,1.82,5,2.9,9,7.8,1
59949.58,48,4.75,4.98,3,1.1,24,45.6,0
97928.82,37,3.22,2.86,5,5.7,6,63.8,0
88705.15,25,2.9,3.99,3,8.5,4,17.2,1
34199.68,26,2.76,3.26,5,3.5,23,24.2,1
75728.13,36,3.47,4.48,6,5.9,20,28.9,1
55146.52,40,3.61,2.83,5,3.6,13,34.6,0
61891.18,30,1.88,3.0,4,2.6,22,11.9,1
44744.83,41,4.32,3.15,9,0.2,24,34.7,0
120481.9,20,3.58,3.89,3,1.0,10,55.2,0
90764.61,16,4.31,3.66,3,3.3,4,17.9,0
44537.71,12,4.57,3.9,6,2.5,12,35.9,0
35107.0,45,3.12,3.59,3,9.3,5,40.1,0
51314.62,11,3.89,4.15,5,0.6,11,63.7,0
71239.38,40,2.74,4.16,3,0.3,19,45.9,0
65912.43,25,2.83,4.56,4,0.5,25,94.1,0
98839.55,27,4.46,3.74,5,5.7,14,84.8,0
82122.55,28,2.61,3.74,8,4.5,11,19.0,1
88241.06,109,3.36,4.74,4,5.0,38,41.2,0
68237.0,23,2.47,4.34,4,0.9,20,30.6,1
34347.36,18,2.68,3.86,2,3.6,18,22.5,0
55365.98,85,2.8,2.52,6,7.3,37,28.6,0
91494.66,13,4.36,2.32,4,5.8,13,19.5,0
58652.81,15,3.61,3.93,4,2.9,15,103.2,0
73220.9,53,3.87,3.96,8,0.5,27,25.1,0
52706.85,41,1.75,2.99,7,10.2,6,13.0,0
39659.08,26,3.23,3.75,5,3.7,12,30.4,0
56991.78,17,2.89,2.86,10,11.0,17,30.0,1
67752.66,7,3.59,3.9,4,2.9,6,15.9,0
46061.14,75,5.0,3.92,4,1.4,22,21.1,0
54486.9,48,1.29,3.91,7,1.8,14,33.9,0
41118.55,70,3.52,3.73,6,2.7,12,16.7,0
93685.43,59,4.96,3.29,3,4.8,50,53.5,0
53221.5,42,2.79,3.35,5,7.3,29,15.9,0
107055.45,22,3.32,4.31,4,1.4,21,33.4,0
110359.57,17,3.74,3.79,4,1.0,17,30.6,0
57964.24,62,1.48,3.84,5,1.1,6,49.8,0
39999.43,25,3.41,3.56,7,13.6,25,22.8,1
25994.52,17,2.56,3.96,4,0.9,17,23.1,0
33229.23,21,4.84,4.17,4,2.1,10,21.7,0
34560.48,64,3.03,3.06,6,3.3,19,26.4,0
103921.16,19,2.63,3.91,3,4.1,19,23.2,0
62713.36,26,3.88,3.34,6,9.8,26,40.4,0
69971.4,31,3.59,3.72,2,0.6,22,32.2,0
24632.74,37,3.92,4.08,4,0.6,32,8.1,0
37079.27,18,4.73,2.48,5,1.9,12,61.6,0
85376.99,30,2.73,2.74,2,2.7,28,26.9,1
67151.71,54,4.58,3.04,4,2.3,5,92.0,0
56450.41,95,4.7,2.99,5,2.5,15,49.3,0
75052.03,16,2.59,3.39,8,9.5,16,28.8,0
115187.8,17,2.66,4.68,5,9.1,17,46.4,0
54807.54,19,3.24,4.32,3,8.2,6,35.8,0
61558.79,47,3.04,3.09,6,7.0,19,46.4,0
64669.1,16,4.57,4.11,1,0.2,16,36.1,0
155880.33,29,2.51,3.47,2,0.8,1,34.6,0
25854.95,28,3.4,3.74,7,6.6,24,35.5,0
78691.4,99,2.59,2.81,5,4.5,9,36.2,1
57186.84,23,3.29,2.58,6,5.6,14,64.1,0
75109.98,22,4.91,4.01,6,6.3,22,50.4,0
46030.11,46,4.66,3.52,6,12.1,14,43.3,0
58712.86,39,3.5,3.87,6,5.0,5,40.5,0
79583.67,21,3.7,4.62,1,1.6,10,110.3,0
207973.11,67,3.58,3.33,1,0.4,22,43.1,0
82719.82,13,2.96,3.34,9,2.8,7,31.7,0
42649.63,31,4.73,4.74,6,6.2,22,46.2,0
